,stream,stream_temp,exp_temp,mass,resp,Exp_Temp_K,log_resp,mass_g,x1,x2,log_mass_resp,lnmass,mass_resp
0,11,5.6,5,3.01468276,0.010438368,278.15,-4.562267030586257,0.00301468276,-1.794270355079705,41.720374296313295,-5.3898879836456794,1.1034946040792295,0.004562484379978795
1,11,5.6,5,3.01468276,0.016002423999999998,278.15,-4.135015068217322,0.00301468276,-1.794270355079705,41.720374296313295,-4.962636021276744,1.1034946040792295,0.006994465949255456
2,11,5.6,5,11.71668271,0.039202816,278.15,-3.239006698031161,0.01171668271,-1.794270355079705,41.720374296313295,-5.084766972177785,2.4610136988621645,0.00619032944123395
3,11,5.6,5,11.71668271,0.042460717,278.15,-3.1591759363682077,0.01171668271,-1.794270355079705,41.720374296313295,-5.004936210514831,2.4610136988621645,0.006704769028352527
4,11,5.6,5,13.33875303,0.042686691,278.15,-3.153868093514462,0.013338753029999999,-1.794270355079705,41.720374296313295,-5.096873263594208,2.590673560106329,0.006115839318406702
5,11,5.6,5,13.33875303,0.076883347,278.15,-2.5654659798879242,0.013338753029999999,-1.794270355079705,41.720374296313295,-4.508471149967671,2.590673560106329,0.011015288032358985
6,11,5.6,5,23.52930656,0.36681049600000004,278.15,-1.0029099239601569,0.023529306559999998,-1.794270355079705,41.720374296313295,-3.3715949728414842,3.15824673184177,0.03433483052519349
7,11,5.6,10,16.98670639,0.198873587,283.15,-1.6150858973148572,0.01698670639,-1.0575517554626592,40.983655696696246,-3.7394091931352436,2.832431061093849,0.023768141365035196
8,11,5.6,10,21.95987395,0.143871139,283.15,-1.9388372480951375,0.02195987395,-1.0575517554626592,40.983655696696246,-4.25574990557744,3.089216876643071,0.01418245125747078
9,11,5.6,10,29.56640466,0.227699182,283.15,-1.479729898365097,0.02956640466,-1.0575517554626592,40.983655696696246,-4.019708952654363,3.386638739052354,0.01795819086275347
10,11,5.6,10,29.56640466,0.231052504,283.15,-1.465110304243522,0.02956640466,-1.0575517554626592,40.983655696696246,-4.005089358532788,3.386638739052354,0.018222660835685873
11,11,5.6,10,33.70974549,0.45971523200000003,283.15,-0.7771480420658606,0.033709745490000005,-1.0575517554626592,40.983655696696246,-3.4154882764900862,3.5177869792323007,0.03286035784350148
12,11,5.6,15,12.78346646,0.154576185,288.15,-1.8670681973854244,0.01278346646,-0.34640034653161195,40.2725042877652,-3.778182687264247,2.5481526531717638,0.02286420510312651
13,11,5.6,15,12.78346646,0.165230926,288.15,-1.8004112320257968,0.01278346646,-0.34640034653161195,40.2725042877652,-3.7115257219046196,2.5481526531717638,0.024440205853466488
14,11,5.6,15,29.56640466,0.50273676,288.15,-0.6876885858327905,0.02956640466,-0.34640034653161195,40.2725042877652,-3.227667640122056,3.386638739052354,0.03964986878961333
15,11,5.6,15,45.53734663,0.0685878,288.15,-2.679640602631759,0.04553734663,-0.34640034653161195,40.2725042877652,-5.543540198383458,3.8185327943355984,0.003912650730918958
16,11,5.6,15,55.8716313,0.9687947020000001,288.15,-0.03170255537918185,0.055871631299999995,-0.34640034653161195,40.2725042877652,-3.048995126266684,4.023056761183336,0.04740653804915025
17,11,5.6,20,1.857023741,0.044811000000000004,293.15,-3.105301633985872,0.0018570237409999998,0.340492102517769,39.58561183871582,-3.569532934151618,0.6189750668876617,0.028169007389571274
18,11,5.6,20,16.98670639,0.36570368799999997,293.15,-1.0059318691087162,0.01698670639,0.340492102517769,39.58561183871582,-3.130255164929103,2.832431061093849,0.04370664342720748
19,11,5.6,20,19.73096028,0.563654907,293.15,-0.5733130817723728,0.01973096028,0.340492102517769,39.58561183871582,-2.809954824204443,2.982188989909427,0.06020771226223704
20,11,5.6,20,21.20034991,0.556025398,293.15,-0.5869413059187325,0.02120034991,0.340492102517769,39.58561183871582,-2.87745457096656,3.054017686730437,0.056277831898063686
21,11,5.6,20,25.16687905,0.620487645,293.15,-0.477249585897514,0.02516687905,0.340492102517769,39.58561183871582,-2.896396190865595,3.225528806624108,0.055221870974450186
22,11,5.6,20,34.41653866,0.090876,293.15,-2.398259339062451,0.03441653866,0.340492102517769,39.58561183871582,-5.052162256945513,3.5385372238440818,0.006395489792657846
23,11,5.6,25,4.924184379,0.350165875,298.15,-1.0493483081959243,0.004924184379,1.0043460659374541,38.92175787529614,-2.244967297634379,1.5941586525846063,0.10593100451134246
24,11,5.6,25,5.917513466,0.308105856,298.15,-1.177311866744173,0.005917513466,1.0043460659374541,38.92175787529614,-2.5107491202640966,1.7779163380265643,0.08120738235345867
25,11,5.6,25,7.217395559,0.333696,298.15,-1.0975248801111552,0.007217395559,1.0043460659374541,38.92175787529614,-2.57989550155657,1.9764941619272198,0.07578192270205594
26,11,5.6,25,10.22363063,0.476800344,298.15,-0.7406574417547472,0.010223630630000001,1.0043460659374541,38.92175787529614,-2.484183768687674,2.3247017692439025,0.08339359520348649
27,11,5.6,25,10.707241900000001,0.37502563,298.15,-0.9807609086805866,0.010707241900000001,1.0043460659374541,38.92175787529614,-2.758951152893553,2.370920325617289,0.06335818657293327
28,11,5.6,25,11.71668271,0.554516,298.15,-0.5896596177838418,0.01171668271,1.0043460659374541,38.92175787529614,-2.435419891930465,2.4610136988621645,0.08756097318201032
29,11,5.6,25,12.78346646,0.583726295,298.15,-0.5383230789606077,0.01278346646,1.0043460659374541,38.92175787529614,-2.4494375688394308,2.5481526531717638,0.08634213435250798
30,11,5.6,25,15.70946915,0.652409649,298.15,-0.4270826183385181,0.01570946915,1.0043460659374541,38.92175787529614,-2.492780364176543,2.7542636611173665,0.08267976684206951
31,11,5.6,25,16.98670639,0.349785623,298.15,-1.0504348178712202,0.01698670639,1.0043460659374541,38.92175787529614,-3.1747581136916065,2.832431061093849,0.041804214729233534
32,11,5.6,25,17.64882362,0.563196,298.15,-0.5741275764362529,0.01764882362,1.0043460659374541,38.92175787529614,-2.727129424486107,2.8706691307331385,0.0654067755315032
33,11,5.6,25,34.41653866,0.936476,298.15,-0.06563138476220454,0.03441653866,1.0043460659374541,38.92175787529614,-2.719534302645266,3.5385372238440818,0.0659054392696537
34,11,5.6,30,5.169675378,0.57067086,303.15,-0.5609426628447156,0.005169675378,1.6463014984839848,38.279802442749606,-1.7930500855901146,1.6428098969938654,0.16645170268750972
35,11,5.6,30,6.403941512,0.551769737,303.15,-0.5946244628493764,0.006403941512,1.6463014984839848,38.279802442749606,-1.9873097093875611,1.856913662050913,0.13706367098702188
36,11,5.6,30,6.47539566,0.48895589,303.15,-0.715482998074913,0.00647539566,1.6463014984839848,38.279802442749606,-2.1164902817075815,1.8680097115102245,0.12045364586151378
37,11,5.6,30,6.72939368,0.7849322040000001,303.15,-0.2421579292605523,0.00672939368,1.6463014984839848,38.279802442749606,-1.6720217148655145,1.906485047473283,0.187866868202659
38,11,5.6,30,8.855317524,0.557989792,303.15,-0.5834146106749717,0.008855317524,1.6463014984839848,38.279802442749606,-2.2191782072383273,2.1810181287511403,0.10869839968870966
39,11,5.6,30,11.2048731,0.36976668799999995,303.15,-0.9948830452115933,0.0112048731,1.6463014984839848,38.279802442749606,-2.8071446316272586,2.416348781887554,0.06037714548681693
40,11,5.6,30,11.2048731,0.47571068,303.15,-0.7429454246712656,0.0112048731,1.6463014984839848,38.279802442749606,-2.555207011086931,2.416348781887554,0.0776761505784767
41,11,5.6,30,11.35692007,0.926097871,303.15,-0.07677535769636533,0.01135692007,1.6463014984839848,38.279802442749606,-1.8991457996473002,2.4298272559345797,0.14969643537245614
42,11,5.6,30,14.672344,1.1591881179999999,303.15,0.1477198617992693,0.014672344,1.6463014984839848,38.279802442749606,-1.8667534091448943,2.685964361258885,0.15462485142471125
43,11,5.6,30,17.64882362,0.592491681,303.15,-0.5234184465777487,0.01764882362,1.6463014984839848,38.279802442749606,-2.6764202946276026,2.8706691307331385,0.06880902986429237
44,11,5.6,30,17.64882362,1.028636,303.15,0.02823365277403198,0.01764882362,1.6463014984839848,38.279802442749606,-2.1247681952758217,2.8706691307331385,0.11946065660200594
45,11,5.6,30,17.64882362,1.48425,303.15,0.3949095941686478,0.01764882362,1.6463014984839848,38.279802442749606,-1.758092253881206,2.8706691307331385,0.1723733950216863
46,11,5.6,30,21.20034991,0.66051655,303.15,-0.4147330985585025,0.02120034991,1.6463014984839848,38.279802442749606,-2.70524636360633,3.054017686730437,0.0668538514616359
47,11,5.6,30,22.73614465,0.8610625590000001,303.15,-0.14958811865732444,0.02273614465,1.6463014984839848,38.279802442749606,-2.492555068775903,3.123955933491438,0.08269839631175313
48,11,5.6,30,27.31140798,0.41403999999999996,303.15,-0.8817926914665877,0.027311407979999997,1.6463014984839848,38.279802442749606,-3.3622710586897337,3.307304489630861,0.03465646264245283
49,11,5.6,35,1.1439137879999999,0.15250999999999998,308.15,-1.8805251113140449,0.001143913788,2.267424367910394,37.6586795733232,-1.9813667587975659,0.1344555299780279,0.137880658866105
50,11,5.6,35,2.392315845,0.15593421,308.15,-1.8583210914552621,0.002392315845,2.267424367910394,37.6586795733232,-2.512517493652006,0.8722618695956584,0.08106390427839759
51,11,5.6,35,3.4805079460000004,0.34645,308.15,-1.060016770908747,0.0034805079460000004,2.267424367910394,37.6586795733232,-1.995400454380717,1.2471782446292934,0.1359591978075723
52,11,5.6,35,3.4805079460000004,0.070352603,308.15,-2.6542354953955165,0.0034805079460000004,2.267424367910394,37.6586795733232,-3.5896191788674865,1.2471782446292934,0.02760884245217089
53,11,5.6,35,5.5519902320000005,0.349578312,308.15,-1.0510276737383792,0.0055519902320000005,2.267424367910394,37.6586795733232,-2.3366450216161003,1.7141564638369615,0.09665135810747734
54,11,5.6,35,6.692734657000001,0.439561644,308.15,-0.8219773123066678,0.006692734657000001,2.267424367910394,37.6586795733232,-2.247744231166515,1.901022558479796,0.1056372492110649
55,11,5.6,35,8.258236891000001,0.354334686,308.15,-1.0375133718179372,0.008258236891000002,2.267424367910394,37.6586795733232,-2.620921706790011,2.1112111132960987,0.0727357908495324
56,11,5.6,35,10.31923893,0.508614106,308.15,-0.6760656914200145,0.010319238929999999,2.267424367910394,37.6586795733232,-2.4265731991007216,2.334010010240943,0.08833903477708269
57,11,5.6,35,12.24282828,0.523302663,308.15,-0.6475952767577602,0.01224282828,2.267424367910394,37.6586795733232,-2.526300516022301,2.5049403190193873,0.07995426334187337
58,11,5.6,35,13.17061975,0.7411122059999999,308.15,-0.29960324004845906,0.01317061975,2.267424367910394,37.6586795733232,-2.2330946693146494,2.5779885723549203,0.10719617957057877
59,11,5.6,35,14.37567678,0.6991110629999999,308.15,-0.35794566095773656,0.014375676779999999,2.267424367910394,37.6586795733232,-2.357098910399983,2.6655376659229955,0.09469454244380988
60,11,5.6,35,14.493890200000001,0.177169784,308.15,-1.730646774538565,0.014493890200000002,2.267424367910394,37.6586795733232,-3.735942170870984,2.673727195109892,0.023850689054980362
61,11,5.6,35,16.98670639,0.530695127,308.15,-0.6335675714026172,0.01698670639,2.267424367910394,37.6586795733232,-2.7578908672230034,2.832431061093849,0.06342539997667618
62,11,5.6,35,18.32680603,0.502574382,308.15,-0.6880116261227628,0.01832680603,2.267424367910394,37.6586795733232,-2.869285224954021,2.9083647984416774,0.056739468044987744
63,11,5.6,35,19.73096028,0.7367300040000001,308.15,-0.3055337985538256,0.01973096028,2.267424367910394,37.6586795733232,-2.542175540985896,2.982188989909427,0.07869500920673925
64,11,5.6,35,33.81015624,1.8605872019999998,308.15,0.6208921379023505,0.03381015624,2.267424367910394,37.6586795733232,-2.0196787904679967,3.52076123782713,0.13269808212411174
65,11,5.6,40,2.692290797,0.18669000000000002,313.15,-1.6783057917329007,0.0026922907970000002,2.8687125616406064,37.057391379592985,-2.421100113189041,0.9903924286081865,0.08882384740415257
66,11,5.6,40,3.360127953,0.11283599999999999,313.15,-2.181819841899197,0.003360127953,2.8687125616406064,37.057391379592985,-3.0908041327742275,1.2119790545000404,0.04546537949930432
67,11,5.6,40,8.725179811,0.270911658,313.15,-1.3059624964870267,0.008725179811000001,2.8687125616406064,37.057391379592985,-2.9306223039270787,2.166213076586736,0.053363819295847194
68,11,5.6,40,11.15447456,0.42464979999999997,313.15,-0.8564904497323277,0.01115447456,2.8687125616406064,37.057391379592985,-2.665370992157885,2.4118407232340764,0.06957353750798188
69,11,5.6,40,11.66485923,0.33733927700000005,313.15,-1.0866660983928411,0.01166485923,2.8687125616406064,37.057391379592985,-2.9291017266503037,2.456580837676617,0.05344502483086939
70,11,5.6,40,13.4515818,0.37475935299999996,313.15,-0.9814711843388938,0.0134515818,2.8687125616406064,37.057391379592985,-2.9307937131494683,2.599096705080766,0.053354673028977596
71,11,5.6,40,17.44852939,0.564932848,313.15,-0.5710484079966304,0.017448529390000002,2.8687125616406064,37.057391379592985,-2.7154899350858894,2.8592553694523453,0.06617252482223683
72,11,5.6,40,17.85054572,0.550388376,313.15,-0.5971311117720628,0.01785054572,2.8687125616406064,37.057391379592985,-2.7586566720025654,2.8820340803073368,0.06337684709561546
73,11,5.6,40,19.02080227,0.41527200000000003,313.15,-0.87882155175968,0.01902080227,2.8687125616406064,37.057391379592985,-3.087971479182805,2.9455332365641667,0.04559434974760962
74,11,5.6,40,40.74278105,1.184804635,313.15,0.1695778960164671,0.040742781049999996,2.8687125616406064,37.057391379592985,-2.610881107868286,3.7072786718463373,0.07346978043388602
75,11,5.6,45,2.797232396,0.031654,318.15,-3.452890756071046,0.002797232396,3.451101236473122,36.47500270476047,-4.224363629842613,1.0286304983620904,0.014634644798162266
76,11,5.6,45,8.725179811,0.154256374,318.15,-1.8691392945220289,0.008725179811000001,3.451101236473122,36.47500270476047,-3.493799101962081,2.166213076586736,0.030385216081652053
77,11,5.6,45,9.030707948,0.160634931,318.15,-1.8286209980065236,0.009030707948,3.451101236473122,36.47500270476047,-3.4790940709411546,2.2006307639128413,0.030835333007387892
78,11,5.6,45,10.707241900000001,0.22170571100000003,318.15,-1.5064044026555703,0.010707241900000001,3.451101236473122,36.47500270476047,-3.284594646868537,2.370920325617289,0.03745576482818741
79,11,5.6,45,12.67417193,0.240446192,318.15,-1.425258948356215,0.01267417193,3.451101236473122,36.47500270476047,-3.329933610638678,2.539566216376617,0.035795481427922125
80,11,5.6,45,13.00381459,0.19669692600000002,318.15,-1.6260911815689245,0.01300381459,3.451101236473122,36.47500270476047,-3.5500232398834553,2.5652427444193737,0.02872397210471849
81,11,5.6,45,15.09404812,0.294396915,318.15,-1.2228263711225378,0.01509404812,3.451101236473122,36.47500270476047,-3.258551747532032,2.7143005018793254,0.03844403438775308
82,11,5.6,45,16.53258414,0.226007475,318.15,-1.4871872050355852,0.01653258414,3.451101236473122,36.47500270476047,-3.5911871274779505,2.8053332299231535,0.02756558712593762
83,12,8.1,5,16.85617363,0.041071418,278.15,-3.1924428251913826,0.016856173630000002,-1.794270355079705,41.720374296313295,-5.310980558115337,2.8247169772319394,0.004937083246372027
84,12,8.1,5,25.00002283,0.299418849,278.15,-1.2059118530664257,0.02500002283,-1.794270355079705,41.720374296313295,-3.6200694066172634,3.2188767380677836,0.026780817662169873
85,12,8.1,5,34.01153691,0.076382862,278.15,-2.5719969273447436,0.034011536909999994,-1.794270355079705,41.720374296313295,-5.217021768301396,3.5266997879422033,0.005423457410412088
86,12,8.1,10,17.91810442,0.329734522,283.15,-1.109467427076204,0.017918104419999997,-1.0575517554626592,40.983655696696246,-3.273826143439511,2.885811621817743,0.03786128687423861
87,12,8.1,10,24.01337139,0.33039794,283.15,-1.107457472221579,0.02401337139,-1.0575517554626592,40.983655696696246,-3.4914155845608654,3.178610816452382,0.030457726153102486
88,12,8.1,10,28.37988466,0.0321723,283.15,-3.4366494451050142,0.028379884659999997,-1.0575517554626592,40.983655696696246,-5.945909900800491,3.345680607593969,0.0026165204908114885
89,12,8.1,10,36.06657837,0.39021550200000005,283.15,-0.9410561232378372,0.036066578370000005,-1.0575517554626592,40.983655696696246,-3.6300810954301146,3.5853666295897035,0.02651403415470361
90,12,8.1,10,39.18120177,1.26939464,283.15,0.23854012541401065,0.03918120177,-1.0575517554626592,40.983655696696246,-2.512607688406084,3.6681970850934595,0.0810565930692079
91,12,8.1,10,45.05488789,0.365917751,283.15,-1.0053466948787182,0.045054887890000006,-1.0575517554626592,40.983655696696246,-3.861257802922581,3.8078814773918173,0.021041516790189257
92,12,8.1,15,14.08277959,0.169159796,288.15,-1.776911472337432,0.014082779589999999,-0.34640034653161195,40.2725042877652,-3.760626031319035,2.6449527453088044,0.023269168585872094
93,12,8.1,15,33.70974549,0.495013482,288.15,-0.7031702804207134,0.033709745490000005,-0.34640034653161195,40.2725042877652,-3.3415105148449387,3.5177869792323007,0.03538347007801055
94,12,8.1,15,36.59212988,0.750030909,288.15,-0.28764086130097205,0.036592129880000004,-0.34640034653161195,40.2725042877652,-2.9875157513138473,3.599833186683833,0.05041251852502446
95,12,8.1,15,56.83917098,0.5676372120000001,288.15,-0.5662727755915291,0.05683917098,-0.34640034653161195,40.2725042877652,-3.5964420640699544,4.040225717971234,0.027421111650666595
96,12,8.1,20,13.00381459,0.949541637,293.15,-0.05177589819045549,0.01300381459,0.340492102517769,39.58561183871582,-1.9757079565049858,2.5652427444193737,0.1386631100348601
97,12,8.1,20,28.74174159,0.891866979,293.15,-0.11443828420423119,0.02874174159,0.340492102517769,39.58561183871582,-2.6332011419062105,3.3583504769359727,0.07184809776416302
98,12,8.1,20,33.70974549,0.9774944440000001,293.15,-0.02276267102623752,0.033709745490000005,0.340492102517769,39.58561183871582,-2.661102905450463,3.5177869792323007,0.06987111799653077
99,12,8.1,20,33.91075334,0.7415959459999999,293.15,-0.2989507313042253,0.03391075334,0.340492102517769,39.58561183871582,-2.941749860121454,3.523732171756305,0.052773301998357065
100,12,8.1,20,50.28195887,1.564693011,293.15,0.44768964564497155,0.05028195887,0.340492102517769,39.58561183871582,-2.490545110998636,3.917646342191477,0.08286478375644055
101,12,8.1,20,68.17698112,1.055422845,293.15,0.053941487576652555,0.06817698112,0.340492102517769,39.58561183871582,-3.112638753154876,4.222106987642038,0.044483419570801465
102,12,8.1,25,11.66485923,1.038750599,298.15,0.038018643841987707,0.01166485923,1.0043460659374541,38.92175787529614,-1.8044169844154752,2.456580837676617,0.16457037570705246
103,12,8.1,25,20.60469071,0.75724358,298.15,-0.2780703071562888,0.020604690709999998,1.0043460659374541,38.92175787529614,-2.5472093728391108,3.0255187542437625,0.07829986713646558
104,12,8.1,25,25.75633944,1.308471583,298.15,0.2688597255187675,0.02575633944,1.0043460659374541,38.92175787529614,-2.167650865971857,3.248680788654166,0.11444615072344201
105,12,8.1,25,25.84124376,1.272547729,298.15,0.24102097679414108,0.02584124376,1.0043460659374541,38.92175787529614,-2.19795788136809,3.2519718108829743,0.11102966275220254
106,12,8.1,25,29.56640466,1.60638497,298.15,0.4739862941468011,0.02956640466,1.0043460659374541,38.92175787529614,-2.0659927601424646,3.386638739052354,0.12669245289743072
107,12,8.1,25,37.87286762,1.8482900359999999,298.15,0.6142609067922209,0.03787286762,1.0043460659374541,38.92175787529614,-2.1114153145446966,3.6342349617825565,0.12106649794566397
108,12,8.1,25,53.03086799,2.042120787,298.15,0.7139888693153364,0.053030867989999994,1.0043460659374541,38.92175787529614,-2.2641667498746973,3.9708741589200454,0.10391658698499788
109,12,8.1,30,11.25541343,1.393328465,303.15,0.3316954638433124,0.011255413430000001,1.6463014984839848,38.279802442749606,-1.4839414411753933,2.4208492066916074,0.22674223367601082
110,12,8.1,30,12.56546209,1.645468964,303.15,0.4980254280869514,0.01256546209,1.6463014984839848,38.279802442749606,-1.4001885316262874,2.5309519462843184,0.24655047699722435
111,12,8.1,30,34.92700294,2.196706029,303.15,0.7869589788056393,0.03492700294,1.6463014984839848,38.279802442749606,-1.8779862111304018,3.553260253248055,0.152897699624071
112,12,8.1,30,37.22906379,1.7881218559999998,303.15,0.5811658265543513,0.037229063789999996,1.6463014984839848,38.279802442749606,-2.131651479130039,3.6170897409125202,0.11864119850999376
113,12,8.1,35,29.19809124,3.097550792,308.15,1.1306117321268319,0.02919809124,2.267424367910394,37.6586795733232,-1.3999657718565224,3.3741033386444723,0.24660540464232336
114,12,8.1,35,28.28986688,1.56289875,308.15,0.4465422700704386,0.02828986688,2.267424367910394,37.6586795733232,-2.060335489744117,3.3425036797527405,0.1274112175669588
115,12,8.1,35,28.47008089,1.314582761,308.15,0.2735193232667571,0.02847008089,2.267424367910394,37.6586795733232,-2.238120983624967,3.348853742522299,0.10665872970666607
116,12,8.1,35,39.84579032,1.838966273,308.15,0.609203605595388,0.03984579032,2.267424367910394,37.6586795733232,-2.1545589655394264,3.685016761513086,0.11595431918793246
117,12,8.1,35,50.92819348,3.114101948,308.15,1.1359408114757819,0.050928193479999995,2.267424367910394,37.6586795733232,-1.8118716907402908,3.9304166696214304,0.16334811335021046
118,12,8.1,40,7.888035197000001,0.375248321,313.15,-0.9801672828290087,0.007888035197000001,2.8687125616406064,37.057391379592985,-2.5291775923675335,2.0653470793846997,0.0797245594184234
119,12,8.1,40,29.01501326,0.7784397270000001,313.15,-0.2504637126706369,0.02901501326,2.8687125616406064,37.057391379592985,-2.7763237586562353,3.3678133946474644,0.06226699563474349
120,12,8.1,40,32.22585121,1.125683384,313.15,0.1183903036762741,0.03222585121,2.8687125616406064,37.057391379592985,-2.486186418619732,3.4727689630613416,0.08322675414359794
121,12,8.1,40,33.21048195,1.6196250159999999,313.15,0.48219465084566765,0.03321048195,2.8687125616406064,37.057391379592985,-2.1449545097631897,3.5028655474784762,0.11707336261798434
122,12,8.1,40,48.12310389,1.204601511,313.15,0.18614881598499006,0.048123103890000005,2.8687125616406064,37.057391379592985,-2.719172978122596,3.8737623921434485,0.06592925682371319
123,12,8.1,40,67.55614013,2.066977346,313.15,0.7260873207943853,0.06755614013,2.8687125616406064,37.057391379592985,-2.433631897580095,4.21295895783264,0.08771767175370704
124,12,8.1,40,72.94687975,1.992676013,313.15,0.6894784655473072,0.07294687975,2.8687125616406064,37.057391379592985,-2.5278201606580524,4.289731501607146,0.07983285354771615
125,12,8.1,45,9.661578908,0.264087552,318.15,-1.3314745944513684,0.009661578907999999,3.451101236473122,36.47500270476047,-3.032592406627402,2.2681570829013786,0.04819054655974262
126,12,8.1,45,24.83385832,0.253022585,318.15,-1.3742765254641331,0.024833858320000003,3.451101236473122,36.47500270476047,-3.7834325081366083,3.2122079768966336,0.022744486647130156
127,12,8.1,45,26.09700337,0.446854384,318.15,-0.8055225003043508,0.02609700337,3.451101236473122,36.47500270476047,-3.2518878710496923,3.261820494327122,0.038701076180565716
128,12,8.1,45,26.96091713,0.737784662,318.15,-0.3041032828673142,0.026960917129999998,3.451101236473122,36.47500270476047,-2.7748945105977456,3.2943883036405754,0.0623560542456254
129,12,8.1,45,31.25963417,0.726157347,318.15,-0.3199885562352403,0.03125963417,3.451101236473122,36.47500270476047,-2.901734272817555,3.442327622109753,0.05492787748044481
130,12,8.1,45,58.52199048,0.764122128,318.15,-0.269027649187669,0.05852199048,3.451101236473122,36.47500270476047,-3.321079591120678,4.069402589244012,0.03611382253868748
131,12,8.1,45,62.12682988,1.1398415290000001,318.15,0.13088924309454464,0.062126829880000005,3.451101236473122,36.47500270476047,-2.9659942109993516,4.1291779387918615,0.05150923273363103
132,2,13.9,5,2.078628122,0.007087871,278.15,-4.949370265619241,0.002078628122,-1.794270355079705,41.720374296313295,-5.498151355153664,0.7317081193792304,0.0040943334149728065
133,2,13.9,5,2.529555329,0.017396049,278.15,-4.051512167511231,0.0025295553289999997,-1.794270355079705,41.720374296313295,-4.7475448135137945,0.9280435280034175,0.008672962825572391
134,2,13.9,5,2.77604367,0.020490041,278.15,-3.8878163157572447,0.00277604367,-1.794270355079705,41.720374296313295,-4.653586396098871,1.0210267737888346,0.009527371657030366
135,2,13.9,5,6.019734424,0.041140545,278.15,-3.190761147397333,0.006019734424,-1.794270355079705,41.720374296313295,-4.537043504447075,1.7950431427329894,0.010705009125945906
136,2,13.9,5,7.1028856760000005,0.010583906,278.15,-4.548420733539231,0.0071028856760000005,-1.794270355079705,41.720374296313295,-6.018796584575549,1.9605011347150898,0.002432595256931821
137,2,13.9,5,30.03085323,0.11829463800000001,278.15,-2.134576834468812,0.03003085323,-1.794270355079705,41.720374296313295,-4.686245805103078,3.4022252941790216,0.009221239586104156
138,2,13.9,10,1.940414649,0.037378079,283.15,-3.286670869393534,0.0019404146490000001,-1.0575517554626592,40.983655696696246,-3.783847134519606,0.6629016868347625,0.022735058137687978
139,2,13.9,10,2.970378993,0.040514639,283.15,-3.2060919133892885,0.002970378993,-1.0575517554626592,40.983655696696246,-4.022609077197457,1.0886895517442257,0.017906185320408028
140,2,13.9,10,3.312713992,0.048840715,283.15,-3.019190990207152,0.003312713992,-1.0575517554626592,40.983655696696246,-3.917516833145342,1.1977677905842532,0.019890424715125934
141,2,13.9,10,3.4805079460000004,0.057461940999999996,283.15,-2.8566324459806416,0.0034805079460000004,-1.0575517554626592,40.983655696696246,-3.7920161294526116,1.2471782446292934,0.022550092084935917
142,2,13.9,10,5.61736971,0.044075722000000005,283.15,-3.12184616966391,0.00561736971,-1.0575517554626592,40.983655696696246,-4.416243818076597,1.7258635312169164,0.012079520051792978
143,2,13.9,10,10.12857676,0.137185,283.15,-1.9864248991133158,0.010128576759999999,-1.0575517554626592,40.983655696696246,-3.7229455072566706,2.3153608108578063,0.024162691541512144
144,2,13.9,10,11.15447456,0.10981574,283.15,-2.208951408632289,0.01115447456,-1.0575517554626592,40.983655696696246,-4.017831951057846,2.4118407232340764,0.01799193007004074
145,2,13.9,15,2.2598177969999997,0.032521004,288.15,-3.425869121470365,0.0022598177969999998,-0.34640034653161195,40.2725042877652,-4.037332263398643,0.8152841892377031,0.01764448051160804
146,2,13.9,15,2.470153586,0.060814342,288.15,-2.799929629669358,0.002470153586,-0.34640034653161195,40.2725042877652,-3.478139876624525,0.9042803292735561,0.030864769948942588
147,2,13.9,15,3.059396375,0.045846642,288.15,-3.082453321784003,0.003059396375,-0.34640034653161195,40.2725042877652,-3.9211165468591096,1.1182176334334752,0.019818953595467537
148,2,13.9,15,3.55400851,0.043658245,288.15,-3.131363125644897,0.00355400851,-0.34640034653161195,40.2725042877652,-4.082420218805907,1.26807612421468,0.016866595363842895
149,2,13.9,15,9.433215544,0.24837996399999998,288.15,-1.3927955924014672,0.009433215544,-0.34640034653161195,40.2725042877652,-3.075973364452486,2.2442370294013583,0.046144690913155026
150,2,13.9,20,1.857023741,0.139858691,293.15,-1.9671227161095746,0.0018570237409999998,0.340492102517769,39.58561183871582,-2.431354016275321,0.6189750668876617,0.08791770994342384
151,2,13.9,20,3.703896028,0.1527125,293.15,-1.8791982102519589,0.003703896028,0.340492102517769,39.58561183871582,-2.861237144898639,1.3093852461955733,0.05719795431849248
152,2,13.9,20,5.326906925,0.156716844,293.15,-1.8533146433740417,0.005326906925,0.340492102517769,39.58561183871582,-3.1078927099775546,1.6727707554713505,0.0446950415871421
153,2,13.9,20,8.725179811,0.080910947,293.15,-2.514406148868012,0.008725179811000001,0.340492102517769,39.58561183871582,-4.139065956308064,2.166213076586736,0.015937731091527515
154,2,13.9,20,8.768425555,0.089236611,293.15,-2.416463886382758,0.008768425555,0.340492102517769,39.58561183871582,-4.0448318344139285,2.17115726404156,0.017512649433137822
155,2,13.9,20,16.21289735,0.408688394,293.15,-0.8948022861725929,0.016212897349999998,0.340492102517769,39.58561183871582,-2.984157579829223,2.78580705820884,0.050582096984611184
156,2,13.9,20,87.02937982,1.061673096,293.15,0.059846056224650376,0.08702937982,0.340492102517769,39.58561183871582,-3.289838264321007,4.466245760727543,0.03725987516012039
157,2,13.9,25,1.759951712,0.114568669,298.15,-2.1665809064959216,0.0017599517119999998,1.0043460659374541,38.92175787529614,-2.590545685728452,0.5652863723100401,0.0749791138875411
158,2,13.9,25,1.857023741,0.08648156800000001,298.15,-2.4478239744557033,0.0018570237409999998,1.0043460659374541,38.92175787529614,-2.9120552746214496,0.6189750668876617,0.05436388226225058
159,2,13.9,25,2.241272697,0.129585941,298.15,-2.043410980886608,0.0022412726969999997,1.0043460659374541,38.92175787529614,-2.648693885504624,0.807043872824021,0.07074355192336038
160,2,13.9,25,4.42698701,0.462155914,298.15,-0.7718529686422031,0.00442698701,1.0043460659374541,38.92175787529614,-1.887642383251229,1.4877192194787012,0.15142839844880096
161,2,13.9,25,9.893359279,0.43123480299999994,298.15,-0.8411025506777805,0.009893359279000001,1.0043460659374541,38.92175787529614,-2.5600003648038276,2.2918637521680623,0.0773047122422397
162,2,13.9,25,41.99654909,1.122980575,298.15,0.11598637818907266,0.04199654909,1.0043460659374541,38.92175787529614,-2.6872042095988293,3.7375874503838693,0.06807098579166714
163,2,13.9,30,1.243790084,0.115828454,303.15,-2.155645027273637,0.001243790084,1.6463014984839848,38.279802442749606,-2.319267455258426,0.21816323731305218,0.09834560177704549
164,2,13.9,30,6.439606772,0.397535277,303.15,-0.9224716016557362,0.006439606772,1.6463014984839848,38.279802442749606,-2.319322210158408,1.8624674780035622,0.09834021702087875
165,2,13.9,30,8.010259897000001,0.571746706,303.15,-0.5590592073551343,0.008010259897,1.6463014984839848,38.279802442749606,-2.119601612695645,2.080723207120681,0.12007945711489837
166,2,13.9,30,9.56982465,0.550531923,303.15,-0.5968703353998879,0.00956982465,1.6463014984839848,38.279802442749606,-2.290831497209626,2.258614882412984,0.10118229407091091
167,2,13.9,30,12.13644476,0.9150815790000001,303.15,-0.08874206030384918,0.01213644476,1.6463014984839848,38.279802442749606,-1.9609017273269713,2.4962128893641626,0.14073146228330563
168,2,13.9,30,20.31082214,0.7096896909999999,303.15,-0.3429274594126967,0.02031082214,1.6463014984839848,38.279802442749606,-2.601292850167497,3.011153854339734,0.07417761565227259
169,2,13.9,30,37.01599061,0.84868617,303.15,-0.16406580765006032,0.03701599061,1.6463014984839848,38.279802442749606,-2.872578306097995,3.6113499979305796,0.05655292768749282
170,2,13.9,35,1.193200216,0.111203731,308.15,-2.196391345570243,0.001193200216,2.267424367910394,37.6586795733232,-2.3288705615834324,0.1766389546842529,0.09740569872417626
171,2,13.9,35,1.7919481680000002,0.064974987,308.15,-2.733752898531556,0.0017919481680000002,2.267424367910394,37.6586795733232,-3.1712304410520202,0.5833033900272859,0.04195194673562782
172,2,13.9,35,1.824304978,0.274654106,308.15,-1.2922427693689742,0.0018243049780000001,2.267424367910394,37.6586795733232,-1.7431420797636077,0.6011990805261781,0.17496976703844838
173,2,13.9,35,2.149971539,0.09992423,308.15,-2.3033430801937738,0.002149971539,2.267424367910394,37.6586795733232,-2.8774340334769244,0.7654546043775341,0.05627898771532176
174,2,13.9,35,3.4079629110000003,0.19208245300000001,308.15,-1.649830556430151,0.0034079629110000003,2.267424367910394,37.6586795733232,-2.569416600919137,1.2261147259853147,0.07658020921790655
175,2,13.9,35,3.4805079460000004,0.318154552,308.15,-1.1452180016892044,0.0034805079460000004,2.267424367910394,37.6586795733232,-2.0806016851611746,1.2471782446292934,0.12485506615311746
176,2,13.9,35,27.13580962,0.832469591,308.15,-0.18335858512200462,0.02713580962,2.267424367910394,37.6586795733232,-2.6589992679813617,3.300854243812476,0.07001825620682164
177,2,13.9,40,2.222822812,0.21970583800000001,313.15,-1.5154657273456191,0.002222822812,2.8687125616406064,37.057391379592985,-2.1145491711726123,0.7987779251026574,0.12068768677862882
178,2,13.9,40,2.970378993,0.137179165,313.15,-1.98646743382262,0.002970378993,2.8687125616406064,37.057391379592985,-2.802984597630789,1.0886895517442257,0.0606288396297652
179,2,13.9,40,5.454814382,0.214027518,313.15,-1.541650683442068,0.005454814382000001,2.8687125616406064,37.057391379592985,-2.8140246271233376,1.696498591575026,0.059963176682466576
180,2,13.9,40,6.692734657000001,0.208579207,313.15,-1.5674364201948496,0.006692734657000001,2.8687125616406064,37.057391379592985,-2.9932033390546966,1.901022558479796,0.05012660674757439
181,2,13.9,40,6.9145668879999995,0.367020019,313.15,-1.002338884731314,0.0069145668879999995,2.8687125616406064,37.057391379592985,-2.4525616318265264,1.9336303294602835,0.08607281698759578
182,2,13.9,40,11.35692007,0.47097983,313.15,-0.7529400096618768,0.01135692007,2.8687125616406064,37.057391379592985,-2.5753104516128116,2.4298272559345797,0.07613018439098147
183,2,13.9,40,56.97823748,2.283476764,313.15,0.8256991779835249,0.05697823748,2.8687125616406064,37.057391379592985,-2.2063028692672884,4.042669396334418,0.11010697681612629
184,2,13.9,45,2.733967205,0.090315848,318.15,-2.4044423300822317,0.002733967205,3.451101236473122,36.47500270476047,-3.1587576373207957,1.005753742984752,0.042478481992754266
185,2,13.9,45,3.456220342,0.06665683,318.15,-2.708197761988782,0.003456220342,3.451101236473122,36.47500270476047,-3.6383294659451817,1.240175605275199,0.026296236051706254
186,2,13.9,45,3.780292848,0.038125659,318.15,-3.266867758958048,0.0037802928480000003,3.451101236473122,36.47500270476047,-4.264218868692915,1.3298014796464903,0.014062847774489714
187,2,13.9,45,3.8317655719999997,0.056887337999999996,318.15,-2.8666824933692063,0.003831765572,3.451101236473122,36.47500270476047,-3.8741767547402626,1.3433256818280754,0.020771430818850918
188,2,13.9,45,10.12857676,0.144812669,318.15,-1.932314309763896,0.010128576759999999,3.451101236473122,36.47500270476047,-3.6688349179072506,2.3153608108578063,0.025506169423407065
189,2,13.9,45,10.6582525,0.09705157699999999,318.15,-2.3325127201431353,0.0106582525,3.451101236473122,36.47500270476047,-4.1072635761816345,2.3663344747179984,0.016452734638218183
190,2,13.9,45,29.01501326,0.24058175199999998,318.15,-1.4246953220418626,0.02901501326,3.451101236473122,36.47500270476047,-3.950555368027461,3.3678133946474644,0.019244011298491886
191,5,14.4,5,1.403514568,0.008844,278.15,-4.728016015986937,0.0014035145680000001,-1.794270355079705,41.720374296313295,-4.9822506383850405,0.33897949653080434,0.006858608925235359
192,5,14.4,5,1.857023741,0.012755200000000001,278.15,-4.361816247385853,0.0018570237409999998,-1.794270355079705,41.720374296313295,-4.8260475475516,0.6189750668876617,0.008018150075996062
193,5,14.4,5,1.857023741,0.013128,278.15,-4.333007925194347,0.0018570237409999998,-1.794270355079705,41.720374296313295,-4.7972392253600935,0.6189750668876617,0.008252498917906132
194,5,14.4,5,3.988798965,0.009388200000000001,278.15,-4.668301697428207,0.003988798965,-1.794270355079705,41.720374296313295,-5.705919328161149,1.3834901743105885,0.0033262180931372502
195,5,14.4,5,6.123049622000001,0.022974900000000003,278.15,-3.7733529633069858,0.006123049622000001,-1.794270355079705,41.720374296313295,-5.132398170802187,1.8120602766602676,0.005902388551241961
196,5,14.4,5,7.217395559,0.0065748000000000004,278.15,-5.024511119631904,0.007217395559,-1.794270355079705,41.720374296313295,-6.5068817410773185,1.9764941619272198,0.0014931284324099703
197,5,14.4,5,7.217395559,0.0272628,278.15,-3.6022321433883873,0.007217395559,-1.794270355079705,41.720374296313295,-5.084602764833802,1.9764941619272198,0.006191346022252622
198,5,14.4,10,1.1439137879999999,0.029646,283.15,-3.518428069890469,0.001143913788,-1.0575517554626592,40.983655696696246,-3.61926971737399,0.1344555299780279,0.02680224255946856
199,5,14.4,10,2.026102549,0.034,283.15,-3.3813947543659757,0.002026102549,-1.0575517554626592,40.983655696696246,-3.9109802701393805,0.7061140210312066,0.02002086558252433
200,5,14.4,10,2.204467949,0.023194,283.15,-3.7638616544476258,0.002204467949,-1.0575517554626592,40.983655696696246,-4.356726294556967,0.7904861868124553,0.012820288875451115
201,5,14.4,10,8.010259897000001,0.14119,283.15,-1.9576487779607032,0.008010259897,-1.0575517554626592,40.983655696696246,-3.518191183301214,2.080723207120681,0.029653023571687184
202,5,14.4,10,9.297829304,0.106972,283.15,-2.235188161007994,0.009297829304000001,-1.0575517554626592,40.983655696696246,-3.9075238845654243,2.2297809647432407,0.020090185142053577
203,5,14.4,10,11.71668271,0.069288,283.15,-2.6694835479533934,0.01171668271,-1.0575517554626592,40.983655696696246,-4.515243822100016,2.4610136988621645,0.010940937159315748
204,5,14.4,10,17.64882362,0.10254,283.15,-2.2775023126265825,0.01764882362,-1.0575517554626592,40.983655696696246,-4.430504160676437,2.8706691307331385,0.011908484369562886
205,5,14.4,15,1.5459312980000002,0.019282688,288.15,-3.9485475804305383,0.0015459312980000003,-0.34640034653161195,40.2725042877652,-4.27526746340057,0.43562651062670904,0.013908328252644823
206,5,14.4,15,2.797232396,0.023422687999999997,288.15,-3.7540501537008684,0.002797232396,-0.34640034653161195,40.2725042877652,-4.5255230274724365,1.0286304983620904,0.010829049064831543
207,5,14.4,15,3.988798965,0.045752688,288.15,-3.0845047348882004,0.003988798965,-0.34640034653161195,40.2725042877652,-4.122122365621141,1.3834901743105885,0.01621007420328322
208,5,14.4,15,3.988798965,0.068342688,288.15,-2.683220700320479,0.003988798965,-0.34640034653161195,40.2725042877652,-3.7208383310534203,1.3834901743105885,0.024213660271322938
209,5,14.4,15,5.454814382,0.154322688,288.15,-1.8687094921848837,0.005454814382000001,-0.34640034653161195,40.2725042877652,-3.141083435866153,1.696498591575026,0.043235929160553854
210,5,14.4,15,6.47539566,0.043012224,288.15,-3.1462709246184457,0.00647539566,-0.34640034653161195,40.2725042877652,-4.547278208251114,1.8680097115102245,0.010596005290808756
211,5,14.4,20,1.1439137879999999,0.03075,293.15,-3.48186528472961,0.001143913788,0.340492102517769,39.58561183871582,-3.582706932213131,0.1344555299780279,0.027800342666924986
212,5,14.4,20,1.1439137879999999,0.043892,293.15,-3.1260232078535846,0.001143913788,0.340492102517769,39.58561183871582,-3.2268648553371055,0.1344555299780279,0.03968171188086737
213,5,14.4,20,1.1439137879999999,0.04778,293.15,-3.0411481370844737,0.001143913788,0.340492102517769,39.58561183871582,-3.1419897845679947,0.1344555299780279,0.043196760085387836
214,5,14.4,20,1.269578017,0.04054,293.15,-3.205466137958283,0.0012695780169999999,0.340492102517769,39.58561183871582,-3.3844795693416527,0.23868457517782612,0.03389527789802655
215,5,14.4,20,1.5459312980000002,0.043216000000000004,293.15,-3.141544481931877,0.0015459312980000003,0.340492102517769,39.58561183871582,-3.4682643649019087,0.43562651062670904,0.031171085367677927
216,5,14.4,20,1.857023741,0.046495,293.15,-3.0684104990519763,0.0018570237409999998,0.340492102517769,39.58561183871582,-3.5326417992177226,0.6189750668876617,0.029227600334250883
217,5,14.4,20,8.010259897000001,0.197374,293.15,-1.622654872916949,0.008010259897,0.340492102517769,39.58561183871582,-3.1831972782574596,2.080723207120681,0.04145290654039369
218,5,14.4,25,2.392315845,0.10465999999999999,298.15,-2.2570382780380753,0.002392315845,1.0043460659374541,38.92175787529614,-2.9112346802348195,0.8722618695956584,0.05440851126752167
219,5,14.4,25,3.2423791889999998,0.14461,298.15,-1.9337148153554364,0.0032423791889999998,1.0043460659374541,38.92175787529614,-2.8159453487936226,1.1763073779175812,0.059848114646040465
220,5,14.4,25,3.988798965,0.20817,298.15,-1.5694002254025698,0.003988798965,1.0043460659374541,38.92175787529614,-2.6070178561355113,1.3834901743105885,0.07375416165488392
221,5,14.4,25,3.988798965,0.46243,298.15,-0.7712600848357801,0.003988798965,1.0043460659374541,38.92175787529614,-1.8088777155687215,1.3834901743105885,0.16383790639413928
222,5,14.4,25,5.107603596000001,0.6854113740000001,298.15,-0.37773607499008627,0.005107603596000001,1.0043460659374541,38.92175787529614,-1.6007838229528433,1.6307303306170096,0.20173832887398288
223,5,14.4,25,5.200886813,0.294984962,298.15,-1.220830900212838,0.005200886813000001,1.0043460659374541,38.92175787529614,-2.4574527642191857,1.6488291520084635,0.08565285133534546
224,5,14.4,25,5.454814382,0.58108,298.15,-0.5428668379774542,0.005454814382000001,1.0043460659374541,38.92175787529614,-1.8152407816587237,1.696498591575026,0.16279870472846245
225,5,14.4,25,7.217395559,0.19968,298.15,-1.6110391938010742,0.007217395559,1.0043460659374541,38.92175787529614,-3.0934098152464893,1.9764941619272198,0.04534706536831886
226,5,14.4,25,9.297829304,0.7714,298.15,-0.2595482332080097,0.009297829304000001,1.0043460659374541,38.92175787529614,-1.93188395676544,2.2297809647432407,0.14487500297816372
227,5,14.4,25,11.4078867,0.37309646399999996,298.15,-0.9859182761518518,0.011407886700000001,1.0043460659374541,38.92175787529614,-2.8116469751486215,2.4343049319956926,0.06010591787510945
228,5,14.4,25,12.03063969,0.922238274,298.15,-0.08095165714297313,0.012030639689999999,1.0043460659374541,38.92175787529614,-1.9465441844953193,2.4874567031364614,0.14276659507399855
229,5,14.4,25,12.40349091,0.5866784039999999,298.15,-0.5332784730000013,0.01240349091,1.0043460659374541,38.92175787529614,-2.4217619414926994,2.5179779579902646,0.0887650807167742
230,5,14.4,25,14.493890200000001,0.7169722620000001,298.15,-0.33271812532331524,0.014493890200000002,1.0043460659374541,38.92175787529614,-2.3380135216557343,2.673727195109892,0.09651918118276825
231,5,14.4,25,19.73096028,0.403293064,298.15,-0.9080917753662506,0.01973096028,1.0043460659374541,38.92175787529614,-3.144733517798321,2.982188989909427,0.043078402144856955
232,5,14.4,30,2.797232396,0.30064,303.15,-1.201841743316982,0.002797232396,1.6463014984839848,38.279802442749606,-1.9733146170885494,1.0286304983620904,0.13899537537497644
233,5,14.4,30,3.988798965,0.45963000000000004,303.15,-0.777333460986365,0.003988798965,1.6463014984839848,38.279802442749606,-1.8149510917193064,1.3834901743105885,0.162845872707087
234,5,14.4,30,5.39062404,0.874388658,303.15,-0.13423031338417263,0.00539062404,1.6463014984839848,38.279802442749606,-1.3977261800727092,1.6846611555847155,0.24715831900052346
235,5,14.4,30,5.454814382,0.43806000000000006,303.15,-0.8253993916860876,0.005454814382000001,1.6463014984839848,38.279802442749606,-2.097773335367357,1.696498591575026,0.1227294014479078
236,5,14.4,30,5.454814382,0.5425800000000001,303.15,-0.6114197390016931,0.005454814382000001,1.6463014984839848,38.279802442749606,-1.8837936826829627,1.696498591575026,0.1520123239684194
237,5,14.4,30,9.297829304,0.616865015,303.15,-0.48310505534889814,0.009297829304000001,1.6463014984839848,38.279802442749606,-2.1554407789063283,2.2297809647432407,0.11585211418881255
238,5,14.4,30,9.297829304,0.62829,303.15,-0.4647534356636076,0.009297829304000001,1.6463014984839848,38.279802442749606,-2.137089159221038,2.2297809647432407,0.11799781646506415
239,5,14.4,30,9.297829304,0.6592,303.15,-0.4167283003868751,0.009297829304000001,1.6463014984839848,38.279802442749606,-2.0890640239443052,2.2297809647432407,0.12380295821001494
240,5,14.4,30,9.800235802000001,0.76411337,303.15,-0.2690391107719753,0.009800235802000002,1.6463014984839848,38.279802442749606,-1.9808439458836948,2.282406446815626,0.13795276350210828
241,5,14.4,30,11.2048731,1.4002689419999998,303.15,0.3366643196006675,0.0112048731,1.6463014984839848,38.279802442749606,-1.4755972668149977,2.416348781887554,0.22864212590130675
242,5,14.4,30,11.71668271,0.65714,303.15,-0.4198581933958028,0.01171668271,1.6463014984839848,38.279802442749606,-2.265618467542426,2.4610136988621645,0.10376583888801452
243,5,14.4,30,11.71668271,1.2214399999999999,303.15,0.20003049057472774,0.01171668271,1.6463014984839848,38.279802442749606,-1.6457297835718956,2.4610136988621645,0.1928717567814719
244,5,14.4,30,11.76864956,0.68245138,303.15,-0.3820639925558139,0.01176864956,1.6463014984839848,38.279802442749606,-2.231143376746286,2.4654391789206294,0.10740555488894934
245,5,14.4,30,15.15490088,1.3945867280000002,303.15,0.33259811905218967,0.015154900879999999,1.6463014984839848,38.279802442749606,-1.7061448585023156,2.7183239700726736,0.18156440159274448
246,5,14.4,30,17.64882362,0.7639199999999999,303.15,-0.26929220734019005,0.01764882362,1.6463014984839848,38.279802442749606,-2.422294055390044,2.8706691307331385,0.08871786014820049
247,5,14.4,30,17.64882362,1.04128,303.15,0.04045072560848122,0.01764882362,1.6463014984839848,38.279802442749606,-2.1125511224413724,2.8706691307331385,0.12092906772321475
248,5,14.4,30,21.73026494,0.795751689,303.15,-0.2284680902962684,0.02173026494,1.6463014984839848,38.279802442749606,-2.537497580212371,3.0787059865548034,0.0790640037710274
249,5,14.4,30,24.3395036,1.8717542740000002,303.15,0.6268761055506533,0.0243395036,1.6463014984839848,38.279802442749606,-1.7671994141535388,3.1921006929389226,0.17081068959187362
250,5,14.4,35,1.857023741,0.169322,308.15,-1.7759530514454775,0.0018570237409999998,2.267424367910394,37.6586795733232,-2.240184351611224,0.6189750668876617,0.10643888039135452
251,5,14.4,35,5.454814382,0.411092,308.15,-0.8889382452530573,0.005454814382000001,2.267424367910394,37.6586795733232,-2.161312188934327,1.696498591575026,0.11517389193266517
252,5,14.4,35,5.454814382,0.6332720000000001,308.15,-0.45685524929047744,0.005454814382000001,2.267424367910394,37.6586795733232,-1.729229192971747,1.696498591575026,0.1774211147188044
253,5,14.4,35,7.217395559,0.310201832,308.15,-1.1705321223899556,0.007217395559,2.267424367910394,37.6586795733232,-2.6529027438353707,1.9764941619272198,0.07044642805026174
254,5,14.4,35,7.217395559,0.710272,308.15,-0.34210728371875565,0.007217395559,2.267424367910394,37.6586795733232,-1.8244779051641704,1.9764941619272198,0.1613018370056419
255,5,14.4,35,7.217395559,0.9040520000000001,308.15,-0.10086839812040059,0.007217395559,2.267424367910394,37.6586795733232,-1.5832390195658155,1.9764941619272198,0.20530902013401145
256,5,14.4,35,10.95429508,0.571759947,308.15,-0.5590360487666541,0.010954295079999999,2.267424367910394,37.6586795733232,-2.3543347668442847,2.3937316241035074,0.0949566538429449
257,5,14.4,35,14.14105834,0.889969571,308.15,-0.11656800672807956,0.01414105834,2.267424367910394,37.6586795733232,-2.1033798854101136,2.6490825049093787,0.1220432382185834
258,5,14.4,35,15.39984125,1.4712073719999998,308.15,0.38608340517089557,0.015399841249999999,2.267424367910394,37.6586795733232,-1.664684495522774,2.734357200924893,0.189250357898925
259,5,14.4,35,18.5333167,0.25217761899999996,308.15,-1.377621602450279,0.0185333167,2.267424367910394,37.6586795733232,-3.5672991137797867,2.91957001510601,0.02823200222551119
260,5,14.4,35,27.7534995,1.063426421,308.15,0.06149616755714398,0.0277534995,2.267424367910394,37.6586795733232,-2.4310252877050504,3.3233619403495926,0.08794661575733811
261,5,14.4,35,34.92700294,1.144427058,308.15,0.13490412574513555,0.03492700294,2.267424367910394,37.6586795733232,-2.5300410641909057,3.553260253248055,0.07965574921984396
262,5,14.4,40,2.797232396,0.23346,313.15,-1.45474452275762,0.002797232396,2.8687125616406064,37.057391379592985,-2.226217396529188,1.0286304983620904,0.10793593778286986
263,5,14.4,40,3.988798965,0.10792,313.15,-2.2263650670826367,0.003988798965,2.8687125616406064,37.057391379592985,-3.263982697815578,1.3834901743105885,0.03823581268095822
264,5,14.4,40,4.834038915,0.22628,313.15,-1.485982108507182,0.004834038915,2.8687125616406064,37.057391379592985,-2.667743857895544,1.5756823325178164,0.0694086445563681
265,5,14.4,40,4.9544640069999994,0.18981398300000002,313.15,-1.6617107232333617,0.004954464006999999,2.8687125616406064,37.057391379592985,-2.8619274655695452,1.6002889897815782,0.05715848301378912
266,5,14.4,40,5.782913007,0.212204024,313.15,-1.5502070897398301,0.005782913007,2.8687125616406064,37.057391379592985,-2.866387741873795,1.75490753617862,0.05690410809932998
267,5,14.4,40,7.217395559,0.12294000000000001,313.15,-2.0960588475032735,0.007217395559,2.8687125616406064,37.057391379592985,-3.5784294689486886,1.9764941619272198,0.027919512301588147
268,5,14.4,40,8.010259897000001,0.444,313.15,-0.8119307165499123,0.008010259897,2.8687125616406064,37.057391379592985,-2.372473121890423,2.080723207120681,0.0932498226916149
269,5,14.4,40,11.71668271,0.198406,313.15,-1.6174398426531589,0.01171668271,2.8687125616406064,37.057391379592985,-3.4632001167997823,2.4610136988621645,0.031329343869518536
270,5,14.4,40,13.50821863,0.097430503,313.15,-2.3286159448773147,0.01350821863,2.8687125616406064,37.057391379592985,-4.28108966058925,2.603298287615913,0.013827586498282408
271,5,14.4,40,13.90884292,0.62048929,313.15,-0.477246934760408,0.01390884292,2.8687125616406064,37.057391379592985,-2.4516405491259645,2.6325248191540758,0.08615213369332679
272,5,14.4,40,14.79207078,0.187242365,313.15,-1.6753514317819265,0.01479207078,2.8687125616406064,37.057391379592985,-3.695919891101155,2.6940912790923046,0.024824607220709737
273,5,14.4,40,16.08611118,0.21151087899999998,313.15,-1.5534788444664138,0.01608611118,2.8687125616406064,37.057391379592985,-3.63694602451002,2.7779562400581415,0.026332640530174707
274,5,14.4,40,20.23776602,0.37403788,313.15,-0.9833982032739648,0.02023776602,2.8687125616406064,37.057391379592985,-3.2390610511401814,3.0075504638216217,0.03920068526297467
275,5,14.4,40,21.20034991,0.30494,313.15,-1.1876402430383761,0.02120034991,2.8687125616406064,37.057391379592985,-3.4781535080862036,3.054017686730437,0.030864349219881394
276,5,14.4,45,4.834038915,0.092929976,318.15,-2.375909015671827,0.004834038915,3.451101236473122,36.47500270476047,-3.5576707650601893,1.5756823325178164,0.02850514262336847
277,5,14.4,45,6.088489355,0.176660803,318.15,-1.733523752220936,0.006088489355,3.451101236473122,36.47500270476047,-3.088323750409916,1.806399997585307,0.045578290998758354
278,5,14.4,45,7.027179347000001,0.08844400000000001,318.15,-2.4253856956122273,0.0070271793470000005,3.451101236473122,36.47500270476047,-3.887724741442394,1.949785394440222,0.02049191744738172
279,5,14.4,45,7.449853286000001,0.11389524300000001,318.15,-2.1724761741070524,0.007449853286000001,3.451101236473122,36.47500270476047,-3.6786219283894472,2.008194339043193,0.02525775786202756
280,5,14.4,45,11.3060957,0.194865194,318.15,-1.6354472723057973,0.011306095700000001,3.451101236473122,36.47500270476047,-3.4544537893678338,2.425342022749382,0.0316045623904034
281,5,14.4,45,11.35692007,0.147827367,318.15,-1.9117101252268769,0.01135692007,3.451101236473122,36.47500270476047,-3.734080567177812,2.4298272559345797,0.023895130939563355
282,5,14.4,45,17.64882362,0.231670243,318.15,-1.4624402847945384,0.01764882362,3.451101236473122,36.47500270476047,-3.615442132844392,2.8706691307331385,0.026905026991011657
283,5,14.4,45,29.19809124,0.149509867,318.15,-1.9003928883293002,0.02919809124,3.451101236473122,36.47500270476047,-4.430970392312655,3.3741033386444723,0.011902933551494431
284,6,13.2,5,8.553527962999999,0.069764168,278.15,-2.662634753459814,0.008553527963,-1.794270355079705,41.720374296313295,-4.272392622279502,2.1463438250929174,0.013948370015906835
285,6,13.2,5,9.387951139,0.030294399,278.15,-3.4967924350391035,0.009387951139,-1.794270355079705,41.720374296313295,-5.176362740053336,2.23942707335231,0.005648514210197601
286,6,13.2,5,15.77185657,0.061388179,278.15,-2.790537986794215,0.01577185657,-1.794270355079705,41.720374296313295,-4.859208328301747,2.7582271220100436,0.007756622159307069
287,6,13.2,5,15.83439829,0.105006096,278.15,-2.253736873367007,0.01583439829,-1.794270355079705,41.720374296313295,-4.325375383765751,2.7621846805316577,0.013228583368944221
288,6,13.2,5,17.38208126,0.10286052300000001,278.15,-2.2743813540673092,0.01738208126,-1.794270355079705,41.720374296313295,-4.415961251283889,2.8554398629554396,0.012082933805315445
289,6,13.2,5,20.90119685,0.12715569300000001,278.15,-2.0623430142272214,0.02090119685,-1.794270355079705,41.720374296313295,-4.342197831388268,3.0398064228813957,0.013007907575736038
290,6,13.2,10,9.800235802000001,0.126166656,283.15,-2.0701515793170007,0.009800235802000002,-1.0575517554626592,40.983655696696246,-3.7819564144287203,2.282406446815626,0.022778084431397724
291,6,13.2,10,9.940127164,0.16558911,283.15,-1.7982458000628836,0.009940127164,-1.0575517554626592,40.983655696696246,-3.5206806603720873,2.2965798137456046,0.02957929486046921
292,6,13.2,10,10.56069366,0.133814766,283.15,-2.0112987786326926,0.01056069366,-1.0575517554626592,40.983655696696246,-3.7791530013482824,2.3571389636207862,0.022842030402846485
293,6,13.2,10,12.08347,0.154727921,283.15,-1.8660870528792322,0.01208347,-1.0575517554626592,40.983655696696246,-3.734965855064312,2.4918384029134404,0.02387398623055458
294,6,13.2,10,13.50821863,0.150807709,283.15,-1.891749704025244,0.01350821863,-1.0575517554626592,40.983655696696246,-3.844223419737179,2.603298287615913,0.021403016268994345
295,6,13.2,10,15.5851566,0.048586667,283.15,-3.024406127278006,0.015585156599999999,-1.0575517554626592,40.983655696696246,-5.084145348247016,2.7463189612920136,0.006194178694423959
296,6,13.2,10,17.38208126,0.174343997,283.15,-1.7467249371959874,0.01738208126,-1.0575517554626592,40.983655696696246,-3.8883048344125672,2.8554398629554396,0.020480033677304114
297,6,13.2,15,7.449853286000001,0.13200651900000002,288.15,-2.024903971251596,0.007449853286000001,-0.34640034653161195,40.2725042877652,-3.531049725533991,2.008194339043193,0.02927416988882618
298,6,13.2,15,9.524152138,0.160012601,288.15,-1.8325027105994207,0.009524152138,-0.34640034653161195,40.2725042877652,-3.522875887600081,2.253830902667547,0.02951443280652772
299,6,13.2,15,11.054102199999999,0.246662402,288.15,-1.3997346707906801,0.011054102199999999,-0.34640034653161195,40.2725042877652,-3.2018358699584164,2.4028015988903144,0.040687438523469024
300,6,13.2,15,18.121736600000002,0.229574573,288.15,-1.4715273654429,0.0181217366,-0.34640034653161195,40.2725042877652,-3.644361466598911,2.897112134874681,0.026138094572901782
301,6,13.2,15,20.67856961,0.139418923,288.15,-1.9702720438138561,0.02067856961,-0.34640034653161195,40.2725042877652,-4.242095453403648,3.029097879453055,0.014377433014991286
302,6,13.2,20,7.064969264,0.230849957,293.15,-1.465987316297296,0.007064969264,0.340492102517769,39.58561183871582,-2.932348815547556,1.9551486656670134,0.05327176553053411
303,6,13.2,20,10.41540293,0.219399536,293.15,-1.516860846001949,0.010415402930000001,0.340492102517769,39.58561183871582,-3.2743251670778912,2.34328576143459,0.03784239791052056
304,6,13.2,20,11.51024736,0.403063735,293.15,-0.9086605781752986,0.01151024736,0.340492102517769,39.58561183871582,-2.7410888632105714,2.4432377133803636,0.06450007688210044
305,6,13.2,20,12.72874603,0.24516621800000002,293.15,-1.4058188576580157,0.01272874603,0.340492102517769,39.58561183871582,-3.3137160346165055,2.5438629026113198,0.036380730200336345
306,6,13.2,20,15.64723588,0.314519913,293.15,-1.1567078884708402,0.01564723588,0.340492102517769,39.58561183871582,-3.21942859869626,2.7502942803005594,0.03997789515692986
307,6,13.2,20,16.08611118,0.151212302,293.15,-1.8890704561125853,0.01608611118,0.340492102517769,39.58561183871582,-3.9725376361561913,2.7779562400581415,0.018825599946120115
308,6,13.2,20,18.121736600000002,0.33557656,293.15,-1.0919051518820004,0.0181217366,0.340492102517769,39.58561183871582,-3.264739253038011,2.897112134874681,0.03820689611705844
309,6,13.2,25,6.951978327000001,0.260414799,298.15,-1.3454795384653533,0.006951978327000001,1.0043460659374541,38.92175787529614,-2.7997492412939233,1.9390262704380934,0.06082531318986432
310,6,13.2,25,9.342822447,0.272613411,298.15,-1.2997005643047272,0.009342822447,1.0043460659374541,38.92175787529614,-2.9756568611375456,2.234608395777091,0.05101391393880501
311,6,13.2,25,11.054102199999999,0.301491377,298.15,-1.1990138635555692,0.011054102199999999,1.0043460659374541,38.92175787529614,-3.001115062723305,2.4028015988903144,0.04973158360406919
312,6,13.2,25,12.619744,0.250427187,298.15,-1.3845870713688042,0.012619744,1.0043460659374541,38.92175787529614,-3.2860340001031756,2.535262571645829,0.03740189153257819
313,6,13.2,25,19.51620711,1.061747484,298.15,0.05991612053572573,0.01951620711,1.0043460659374541,38.92175787529614,-2.168517820125808,2.9712452542153787,0.11434697415464962
314,6,13.2,25,25.41846282,0.508131648,298.15,-0.6770147153708149,0.025418462819999998,1.0043460659374541,38.92175787529614,-3.1036215598586083,3.2354757926503916,0.04488634908001306
315,6,13.2,30,9.707660978,0.746694425,303.15,-0.2920992471528984,0.009707660978,1.6463014984839848,38.279802442749606,-1.9967857711537769,2.2729153653345047,0.1357709816499982
316,6,13.2,30,10.41540293,0.545539447,303.15,-0.6059801628496275,0.010415402930000001,1.6463014984839848,38.279802442749606,-2.3634444839255697,2.34328576143459,0.09409555373562568
317,6,13.2,30,10.51212391,0.515043465,303.15,-0.6635039838214642,0.010512123909999999,1.6463014984839848,38.279802442749606,-2.427900920686782,2.352529249153757,0.08822182296326393
318,6,13.2,30,12.67417193,0.361081575,303.15,-1.0186513766474388,0.01267417193,1.6463014984839848,38.279802442749606,-2.923326038929902,2.539566216376617,0.05375459974794431
319,6,13.2,30,13.28256078,0.174007308,303.15,-1.7486579806495832,0.013282560780000001,1.6463014984839848,38.279802442749606,-3.688496947108297,2.586451955278285,0.02500956450426931
320,6,13.2,30,16.59698922,0.235029757,303.15,-1.4480431473223991,0.01659698922,1.6463014984839848,38.279802442749606,-3.5549591272899477,2.809221306623398,0.02858254313840509
321,6,13.2,30,30.49982558,1.233570937,303.15,0.20991316404875016,0.03049982558,1.6463014984839848,38.279802442749606,-2.353377559632617,3.4177209649084896,0.0950475905524929
322,6,13.2,35,6.368399709,0.570433651,308.15,-0.5613584161804183,0.0063683997090000005,2.267424367910394,37.6586795733232,-1.9498695773894277,1.8513482149453455,0.14229262855244432
323,6,13.2,35,10.12857676,0.7574287829999999,308.15,-0.2778257618599633,0.010128576759999999,2.267424367910394,37.6586795733232,-2.014346370003318,2.3153608108578063,0.1334075740663479
324,6,13.2,35,10.41540293,0.71274452,308.15,-0.33863223974925283,0.010415402930000001,2.267424367910394,37.6586795733232,-2.096096560825195,2.34328576143459,0.12293536361163034
325,6,13.2,35,11.25541343,0.456629319,308.15,-0.7838833353841842,0.011255413430000001,2.267424367910394,37.6586795733232,-2.5995202404028896,2.4208492066916074,0.07430922022540871
326,6,13.2,35,11.56164171,0.573444951,308.15,-0.5560933348140806,0.01156164171,2.267424367910394,37.6586795733232,-2.3918629870117094,2.447692869596838,0.09145913787837114
327,6,13.2,35,21.65406286,1.3739919390000002,308.15,0.31772032697072083,0.02165406286,2.267424367910394,37.6586795733232,-1.988674496388548,3.0751930978123587,0.1368767358628811
328,6,13.2,35,28.02088274,1.170075678,308.15,0.15706842876915303,0.028020882740000003,2.267424367910394,37.6586795733232,-2.3426441044846396,3.33295004433839,0.09607327432082446
329,6,13.2,40,8.010259897000001,0.127395197,313.15,-2.060461236711729,0.008010259897,2.8687125616406064,37.057391379592985,-3.62100364205224,2.080723207120681,0.026755809756786823
330,6,13.2,40,9.297829304,0.36764854700000005,313.15,-1.0006278324760982,0.009297829304000001,2.8687125616406064,37.057391379592985,-2.6729635560335288,2.2297809647432407,0.06904729626852808
331,6,13.2,40,10.22363063,0.411552395,313.15,-0.8878189401174114,0.010223630630000001,2.8687125616406064,37.057391379592985,-2.631345267050338,2.3247017692439025,0.07198156265100217
332,6,13.2,40,11.97795369,0.302679413,313.15,-1.1950810764995758,0.01197795369,2.8687125616406064,37.057391379592985,-3.057381902184573,2.483067767579996,0.04701061262710108
333,6,13.2,40,15.09404812,0.481029572,313.15,-0.7318265305167286,0.01509404812,2.8687125616406064,37.057391379592985,-2.7675519069262227,2.7143005018793254,0.06281559508697347
334,6,13.2,40,29.56640466,1.076791725,313.15,0.07398599507196305,0.02956640466,2.8687125616406064,37.057391379592985,-2.4659930592173027,3.386638739052354,0.08492446545979929
335,6,13.2,45,9.524152138,0.059121195,318.15,-2.8281657894206274,0.009524152138,3.451101236473122,36.47500270476047,-4.518538966421288,2.253830902667547,0.010904944525394738
336,6,13.2,45,10.46369371,0.071783624,318.15,-2.6340989069361287,0.01046369371,3.451101236473122,36.47500270476047,-4.395032549525961,2.3479115234531105,0.012338478707261317
337,6,13.2,45,15.70946915,0.045287750999999994,318.15,-3.0947186804080973,0.01570946915,3.451101236473122,36.47500270476047,-5.160416426246122,2.7542636611173665,0.0057393091889750706
338,6,13.2,45,15.70946915,0.047716343,318.15,-3.042481319223784,0.01570946915,3.451101236473122,36.47500270476047,-5.108179065061808,2.7542636611173665,0.00604708425119601
339,6,13.2,45,16.59698922,0.055461137,318.15,-2.892072737742482,0.01659698922,3.451101236473122,36.47500270476047,-4.998988717710031,2.809221306623398,0.006744764412139927
340,6,13.2,45,20.09214599,0.06532146700000001,318.15,-2.728434552467031,0.020092145989999997,3.451101236473122,36.47500270476047,-4.978681296420119,3.0003289919374505,0.006883133387952948
341,6,13.2,45,21.05044193,0.063149947,318.15,-2.762243269457565,0.02105044193,3.451101236473122,36.47500270476047,-5.047434435113041,3.0469215542073007,0.006425798118656565
342,8,19.3,5,3.2423791889999998,0.006855,278.15,-4.982776965967859,0.0032423791889999998,-1.794270355079705,41.720374296313295,-5.865007499406046,1.1763073779175812,0.0028370017695775354
343,8,19.3,5,5.454814382,0.021795,278.15,-3.826074693291781,0.005454814382000001,-1.794270355079705,41.720374296313295,-5.098448636973051,1.696498591575026,0.006106212173120462
344,8,19.3,5,7.217395559,0.010196,278.15,-4.585759792468268,0.007217395559,-1.794270355079705,41.720374296313295,-6.068130413913683,1.9764941619272198,0.002315498189580224
345,8,19.3,5,11.71668271,0.020019,278.15,-3.911073456392558,0.01171668271,-1.794270355079705,41.720374296313295,-5.7568337305391815,2.4610136988621645,0.0031611046789103733
346,8,19.3,5,14.493890200000001,0.009524,278.15,-4.653940350357521,0.014493890200000002,-1.794270355079705,41.720374296313295,-6.65923574668994,2.673727195109892,0.001282125864981768
347,8,19.3,5,14.493890200000001,0.026376,278.15,-3.635300773212707,0.014493890200000002,-1.794270355079705,41.720374296313295,-5.640596169545126,2.673727195109892,0.003550750925531196
348,8,19.3,5,17.64882362,0.024984,278.15,-3.6895196590013595,0.01764882362,-1.794270355079705,41.720374296313295,-5.842521507051213,2.8706691307331385,0.0029015171980608457
349,8,19.3,10,4.54101264,0.044597000000000005,283.15,-3.1100886867924724,0.00454101264,-1.0575517554626592,40.983655696696246,-4.24495121352232,1.5131500356397973,0.014336433086023304
350,8,19.3,10,6.123049622000001,0.06803,283.15,-2.6878064946251676,0.006123049622000001,-1.0575517554626592,40.983655696696246,-4.046851702120368,1.8120602766602676,0.01747731189868032
351,8,19.3,10,7.217395559,0.044042000000000005,283.15,-3.1226115548981364,0.007217395559,-1.0575517554626592,40.983655696696246,-4.604982176343551,1.9764941619272198,0.010001880273194609
352,8,19.3,10,7.217395559,0.15124,283.15,-1.8888872999594049,0.007217395559,-1.0575517554626592,40.983655696696246,-3.37125792140482,1.9764941619272198,0.034346405079650165
353,8,19.3,10,8.010259897000001,0.149428,283.15,-1.9009406075116722,0.008010259897,-1.0575517554626592,40.983655696696246,-3.4614830128521827,2.080723207120681,0.03138318582243836
354,8,19.3,10,10.22363063,0.057120000000000004,283.15,-2.862600960950808,0.010223630630000001,-1.0575517554626592,40.983655696696246,-4.6061272878837345,2.3247017692439025,0.009990433559802862
355,8,19.3,10,17.64882362,0.12709,283.15,-2.062859782088158,0.01764882362,-1.0575517554626592,40.983655696696246,-4.215861630138011,2.8706691307331385,0.014759598971403816
356,8,19.3,15,7.217395559,0.117816,288.15,-2.138631193558276,0.007217395559,-0.34640034653161195,40.2725042877652,-3.621001815003691,1.9764941619272198,0.02675585864099487
357,8,19.3,15,7.217395559,0.18757200000000002,288.15,-1.6735925072808024,0.007217395559,-0.34640034653161195,40.2725042877652,-3.1559631287262175,1.9764941619272198,0.042597354493521165
358,8,19.3,15,7.217395559,0.291637,288.15,-1.2322454007515955,0.007217395559,-0.34640034653161195,40.2725042877652,-2.7146160221970104,1.9764941619272198,0.06623037912069515
359,8,19.3,15,8.426182187,0.200536,288.15,-1.6067614972306923,0.008426182187,-0.34640034653161195,40.2725042877652,-3.205269336225489,2.1313437853263957,0.04054797912737476
360,8,19.3,15,9.297829304,0.105375,288.15,-2.2502298626601176,0.009297829304000001,-0.34640034653161195,40.2725042877652,-3.922565586217548,2.2297809647432407,0.01979025594869588
361,8,19.3,15,11.71668271,0.293026,288.15,-1.227493936700617,0.01171668271,-0.34640034653161195,40.2725042877652,-3.0732542108472405,2.4610136988621645,0.04627033616276493
362,8,19.3,15,13.33875303,0.25801599999999997,288.15,-1.3547336804795256,0.013338753029999999,-0.34640034653161195,40.2725042877652,-3.2977388505592726,2.590673560106329,0.03696666011375825
363,8,19.3,20,1.282595966,0.051685695999999996,293.15,-2.9625742088629408,0.001282595966,0.340492102517769,39.58561183871582,-3.149238800778301,0.2488861225538138,0.042884758290591
364,8,19.3,20,2.692290797,0.10303887,293.15,-2.272648983301134,0.0026922907970000002,0.340492102517769,39.58561183871582,-3.015443304757274,0.9903924286081865,0.049024098053330724
365,8,19.3,20,2.797232396,0.057696000000000004,293.15,-2.8525674319612304,0.002797232396,0.340492102517769,39.58561183871582,-3.624040305732798,1.0286304983620904,0.02667468459830575
366,8,19.3,20,3.988798965,0.33852600000000005,293.15,-1.083154380126031,0.003988798965,0.340492102517769,39.58561183871582,-2.1207720108589725,1.3834901743105885,0.11993899855109401
367,8,19.3,20,4.259325406,0.37235100000000004,293.15,-0.9879183211838625,0.0042593254060000005,0.340492102517769,39.58561183871582,-2.074751415440871,1.449110792342678,0.1255876427620276
368,8,19.3,20,5.454814382,0.258035,293.15,-1.3546600443466295,0.005454814382000001,0.340492102517769,39.58561183871582,-2.6270339880278986,1.696498591575026,0.0722925651796806
369,8,19.3,20,8.010259897000001,0.689136,293.15,-0.3723166399286893,0.008010259897,0.340492102517769,39.58561183871582,-1.9328590452692,2.080723207120681,0.14473380587929893
370,8,19.3,20,17.64882362,0.399932,293.15,-0.9164607463257929,0.01764882362,0.340492102517769,39.58561183871582,-3.0694625943756466,2.8706691307331385,0.04644610855166788
371,8,19.3,20,19.02080227,0.09869,293.15,-2.3157716547982212,0.01902080227,0.340492102517769,39.58561183871582,-4.524921582221347,2.9455332365641667,0.010835564103988693
372,8,19.3,25,3.4805079460000004,0.206506562,298.15,-1.577423089846226,0.0034805079460000004,1.0043460659374541,38.92175787529614,-2.512806773318196,1.2471782446292934,0.08104045753072504
373,8,19.3,25,3.988798965,0.281068,298.15,-1.2691586460413837,0.003988798965,1.0043460659374541,38.92175787529614,-2.3067762767743254,1.3834901743105885,0.09958175869729026
374,8,19.3,25,5.849971787,0.18132765899999997,298.15,-1.7074496135633297,0.005849971787000001,1.0043460659374541,38.92175787529614,-3.0322772424361495,1.766436838497093,0.048205736887973166
375,8,19.3,25,6.619790878,0.354658944,298.15,-1.036598672421814,0.0066197908779999995,1.0043460659374541,38.92175787529614,-2.454146507439798,1.8900637800239786,0.08593651032207325
376,8,19.3,25,7.217395559,0.325438,298.15,-1.1225833116668829,0.007217395559,1.0043460659374541,38.92175787529614,-2.6049539331122977,1.9764941619272198,0.07390654176349637
377,8,19.3,25,7.217395559,0.402674052,298.15,-0.909627848264079,0.007217395559,1.0043460659374541,38.92175787529614,-2.3919984697094936,1.9764941619272198,0.09144674758698833
378,8,19.3,25,8.426182187,0.593688,298.15,-0.5214013501381753,0.008426182187,1.0043460659374541,38.92175787529614,-2.119909189132972,2.1313437853263957,0.12004252918265483
379,8,19.3,25,10.707241900000001,0.8746827840000001,298.15,-0.1338939909267706,0.010707241900000001,1.0043460659374541,38.92175787529614,-1.9120842351397371,2.370920325617289,0.14777207366015144
380,8,19.3,25,11.71668271,0.760544928,298.15,-0.27372009210468534,0.01171668271,1.0043460659374541,38.92175787529614,-2.1194803662513086,2.4610136988621645,0.12009401720477311
381,8,19.3,25,13.33875303,0.479836296,298.15,-0.7343102832509781,0.013338753029999999,1.0043460659374541,38.92175787529614,-2.6773154533307246,2.590673560106329,0.0687474624227827
382,8,19.3,30,3.988798965,0.6484259520000001,303.15,-0.433207465245456,0.003988798965,1.6463014984839848,38.279802442749606,-1.4708250959783973,1.3834901743105885,0.2297358528367681
383,8,19.3,30,7.217395559,0.44368,303.15,-0.8126516971146691,0.007217395559,1.6463014984839848,38.279802442749606,-2.295022318560084,1.9764941619272198,0.10075914444418928
384,8,19.3,30,7.217395559,0.62342,303.15,-0.47253483003326746,0.007217395559,1.6463014984839848,38.279802442749606,-1.9549054514786823,1.9764941619272198,0.14157786203884887
385,8,19.3,30,7.217395559,0.7141259520000001,303.15,-0.33669592883845145,0.007217395559,1.6463014984839848,38.279802442749606,-1.8190665502838663,1.9764941619272198,0.16217706443588212
386,8,19.3,30,7.217395559,0.7497659520000001,303.15,-0.28799418515388325,0.007217395559,1.6463014984839848,38.279802442749606,-1.770364806599298,1.9764941619272198,0.170270861559915
387,8,19.3,30,9.297829304,0.8385359520000001,303.15,-0.1760978220727519,0.009297829304000001,1.6463014984839848,38.279802442749606,-1.8484335456301824,2.2297809647432407,0.1574836641733178
388,8,19.3,30,9.297829304,0.895245952,303.15,-0.11065679175581705,0.009297829304000001,1.6463014984839848,38.279802442749606,-1.7829925153132475,2.2297809647432407,0.168134249367629
389,8,19.3,30,11.71668271,0.47740200000000005,303.15,-0.7393963757271546,0.01171668271,1.6463014984839848,38.279802442749606,-2.585156649873778,2.4610136988621645,0.07538426973980569
390,8,19.3,30,17.64882362,0.8397600000000001,303.15,-0.1746391422545947,0.01764882362,1.6463014984839848,38.279802442749606,-2.3276409903044484,2.8706691307331385,0.09752553963510951
391,8,19.3,30,17.98582237,0.271656,303.15,-1.3032187189839084,0.01798582237,1.6463014984839848,38.279802442749606,-3.4704065700555664,2.8895838014288775,0.031104381979637725
392,8,19.3,30,21.20034991,1.056365952,303.15,0.054834670705608136,0.02120034991,1.6463014984839848,38.279802442749606,-2.2356785943422195,3.054017686730437,0.1069195502279808
393,8,19.3,35,5.454814382,0.6047,308.15,-0.5030228117029698,0.005454814382000001,2.267424367910394,37.6586795733232,-1.7753967553842391,1.696498591575026,0.16941621936618234
394,8,19.3,35,7.217395559,0.695,308.15,-0.363843433417345,0.007217395559,2.267424367910394,37.6586795733232,-1.84621405486276,1.9764941619272198,0.15783358589233576
395,8,19.3,35,7.217395559,0.8267200000000001,308.15,-0.1902892144432624,0.007217395559,2.267424367910394,37.6586795733232,-1.6726598358886773,1.9764941619272198,0.18774702464591633
396,8,19.3,35,8.010259897000001,0.75584,308.15,-0.2799255654131943,0.008010259897,2.267424367910394,37.6586795733232,-1.840467970753705,2.080723207120681,0.15874312158385182
397,8,19.3,35,9.297829304,0.67802,308.15,-0.38857849295174074,0.009297829304000001,2.267424367910394,37.6586795733232,-2.060914216509171,2.2297809647432407,0.12733750261764915
398,8,19.3,35,12.78346646,1.27541,308.15,0.24326769554573072,0.01278346646,2.267424367910394,37.6586795733232,-1.6678467943330921,2.5481526531717638,0.18865283698506713
399,8,19.3,40,3.1500591289999997,0.06068816,313.15,-2.8020066576035303,0.0031500591289999997,2.8687125616406064,37.057391379592985,-3.6625725754328884,1.1474212237724777,0.025666398974063618
400,8,19.3,40,3.988798965,0.19088,313.15,-1.6561103206325312,0.003988798965,2.8687125616406064,37.057391379592985,-2.6937279513654726,1.3834901743105885,0.06762835363733603
401,8,19.3,40,4.149785566,0.213440326,313.15,-1.5443979888947252,0.004149785566,2.8687125616406064,37.057391379592985,-2.6116904854429124,1.4230566620642495,0.07341033969943378
402,8,19.3,40,4.834038915,0.1447,313.15,-1.9330926453446988,0.004834038915,2.8687125616406064,37.057391379592985,-3.114854394733061,1.5756823325178164,0.044384969362323064
403,8,19.3,40,6.47539566,0.25589,313.15,-1.3630076143447014,0.00647539566,2.8687125616406064,37.057391379592985,-2.7640148979773698,1.8680097115102245,0.06303816779771844
404,8,19.3,40,7.217395559,0.280552,313.15,-1.2709961879565295,0.007217395559,2.8687125616406064,37.057391379592985,-2.7533668094019443,1.9764941619272198,0.06371299020038358
405,8,19.3,40,7.217395559,0.29366,313.15,-1.2253326434473457,0.007217395559,2.8687125616406064,37.057391379592985,-2.7077032648927606,1.9764941619272198,0.06668979975991846
406,8,19.3,40,7.217395559,0.6710149999999999,313.15,-0.398963787565832,0.007217395559,2.8687125616406064,37.057391379592985,-1.881334409011247,1.9764941619272198,0.15238662393891464
407,8,19.3,40,26.01157558,0.292,313.15,-1.2310014767138553,0.026011575579999998,2.8687125616406064,37.057391379592985,-3.6749077168825397,3.2585416535582463,0.02535174495283563
408,8,19.3,45,3.289164424,0.115210185,318.15,-2.1609971231700755,0.003289164424,3.451101236473122,36.47500270476047,-3.0539722917092393,1.1906335580522185,0.04717117407481353
409,8,19.3,45,3.8836732000000005,0.11296748699999999,318.15,-2.180655227334484,0.0038836732000000003,3.451101236473122,36.47500270476047,-3.1982412824549686,1.356781406827313,0.04083395625918003
410,8,19.3,45,4.77451803,0.10475180199999999,318.15,-2.256161517463896,0.00477451803,3.451101236473122,36.47500270476047,-3.42863129199838,1.5632930327126457,0.03243129938796162
411,8,19.3,45,4.894020438,0.132750445,318.15,-2.0192842666999824,0.004894020438,3.451101236473122,36.47500270476047,-3.2102948725593334,1.5880141411458015,0.04034471496851741
412,8,19.3,45,5.076742901,0.110822423,318.15,-2.199826151497528,0.005076742901,3.451101236473122,36.47500270476047,-3.4183285725511503,1.6246698947381628,0.03276715712003367
413,8,19.3,45,6.619790878,0.19320607899999998,318.15,-1.6439978928954135,0.0066197908779999995,3.451101236473122,36.47500270476047,-3.0615457279133973,1.8900637800239786,0.04681527558563643
414,8,19.3,45,6.840121312999999,0.18665655,318.15,-1.6784849818183027,0.006840121312999999,3.451101236473122,36.47500270476047,-3.120589082290224,1.9228054672958947,0.044131163873951086
415,8,19.3,45,9.524152138,0.16985999999999998,318.15,-1.772780710630274,0.009524152138,3.451101236473122,36.47500270476047,-3.4631538876309342,2.253830902667547,0.031330792232524225
416,9,9.6,5,1.8901060509999998,0.016809698999999997,278.15,-4.085799237730256,0.001890106051,-1.794270355079705,41.720374296313295,-4.563273942083429,0.6366329391375634,0.010427862777051556
417,9,9.6,5,2.589840056,0.022982225,278.15,-3.773034187923973,0.0025898400559999997,-1.794270355079705,41.720374296313295,-4.486731277447279,0.9515961193644079,0.011257380990180898
418,9,9.6,5,3.2423791889999998,0.006210991999999999,278.15,-5.081434653443154,0.0032423791889999998,-1.794270355079705,41.720374296313295,-5.9636651868813395,1.1763073779175812,0.002570473420106771
419,9,9.6,5,3.988798965,0.04228966,278.15,-3.163212667255762,0.003988798965,-1.794270355079705,41.720374296313295,-4.200830297988704,1.3834901743105885,0.014983131190709894
420,9,9.6,5,5.295225393,0.073478876,278.15,-2.610757315431576,0.005295225393,-1.794270355079705,41.720374296313295,-3.860861474396245,1.666805545286225,0.02104985779631074
421,9,9.6,5,5.951465821,0.020512294,278.15,-3.886730865273272,0.005951465821,-1.794270355079705,41.720374296313295,-5.224459024538788,1.7836375456873543,0.005383271390056748
422,9,9.6,5,9.297829304,0.039783103,278.15,-3.2243130045763446,0.009297829304000001,-1.794270355079705,41.720374296313295,-4.896648728133775,2.2297809647432407,0.007471580458394599
423,9,9.6,5,11.76864956,0.031397336,278.15,-3.461032230431442,0.01176864956,-1.794270355079705,41.720374296313295,-5.310111614621914,2.4654391789206294,0.00494137515717938
424,9,9.6,5,14.97280036,0.008537065,278.15,-4.763338007067058,0.01497280036,-1.794270355079705,41.720374296313295,-6.793014441367077,2.706235245733359,0.001121582727848396
425,9,9.6,5,16.34030494,0.057200633,278.15,-2.861190314224051,0.016340304939999998,-1.794270355079705,41.720374296313295,-4.956416377801368,2.7936347514364233,0.007038104601513626
426,9,9.6,5,16.98670639,0.05710762,278.15,-2.8628177211362775,0.01698670639,-1.794270355079705,41.720374296313295,-4.987141016956664,2.832431061093849,0.006825149612153932
427,9,9.6,10,2.026102549,0.006043795,283.15,-5.108723153082012,0.002026102549,-1.0575517554626592,40.983655696696246,-5.638308668855418,0.7061140210312066,0.0035588825677450773
428,9,9.6,10,4.834038915,0.031307895,283.15,-3.463884976820562,0.004834038915,-1.0575517554626592,40.983655696696246,-4.645646726208924,1.5756823325178164,0.00960331693416605
429,9,9.6,10,4.834038915,0.052094007000000005,283.15,-2.9547053656299216,0.004834038915,-1.0575517554626592,40.983655696696246,-4.1364671150182835,1.5756823325178164,0.015979204593335475
430,9,9.6,10,5.13858103,0.032125532000000005,283.15,-3.4381041755925894,0.0051385810300000005,-1.0575517554626592,40.983655696696246,-4.665686908456592,1.6367769771520027,0.009412780283946152
431,9,9.6,10,6.123049622000001,0.029723055,283.15,-3.5158322716832227,0.006123049622000001,-1.0575517554626592,40.983655696696246,-4.874877479178424,1.8120602766602676,0.007636029734185355
432,9,9.6,10,7.217395559,0.073169869,283.15,-2.6149715684390378,0.007217395559,-1.0575517554626592,40.983655696696246,-4.097342189884453,1.9764941619272198,0.016616781012291304
433,9,9.6,10,8.426182187,0.054668539,283.15,-2.9064668904125663,0.008426182187,-1.0575517554626592,40.983655696696246,-4.504974729407363,2.1313437853263957,0.01105386952116365
434,9,9.6,10,9.753879889,0.05264281,283.15,-2.944225611930848,0.009753879889,-1.0575517554626592,40.983655696696246,-4.652474469321119,2.2776651431870274,0.00953797128861241
435,9,9.6,10,12.78346646,0.063142456,283.15,-2.7623618989211085,0.01278346646,-1.0575517554626592,40.983655696696246,-4.673476388799932,2.5481526531717638,0.009339744441869496
436,9,9.6,10,15.70946915,0.08932104199999999,283.15,-2.41551818615794,0.01570946915,-1.0575517554626592,40.983655696696246,-4.481215931995965,2.7542636611173665,0.011319640869766931
437,9,9.6,15,2.797232396,0.045244517000000005,288.15,-3.0956737874487517,0.002797232396,-0.34640034653161195,40.2725042877652,-3.8671466612203194,1.0286304983620904,0.020917970410040256
438,9,9.6,15,3.01468276,0.042387669,288.15,-3.1608977845138515,0.00301468276,-0.34640034653161195,40.2725042877652,-3.9885187375732736,1.1034946040792295,0.01852713735674115
439,9,9.6,15,3.857664932,0.067049745,288.15,-2.7023204723936725,0.003857664932,-0.34640034653161195,40.2725042877652,-3.714867017791473,1.3500620605304008,0.02435868017073644
440,9,9.6,15,3.988798965,0.11011561800000001,288.15,-2.206224392452633,0.003988798965,-0.34640034653161195,40.2725042877652,-3.2438420231855742,1.3834901743105885,0.03901371518806479
441,9,9.6,15,5.782913007,0.098012831,288.15,-2.322656880310534,0.005782913007,-0.34640034653161195,40.2725042877652,-3.638837532444499,1.75490753617862,0.026282879208479857
442,9,9.6,15,6.123049622000001,0.077571739,288.15,-2.5565521062699017,0.006123049622000001,-0.34640034653161195,40.2725042877652,-3.9155973137651023,1.8120602766602676,0.0199286414379836
443,9,9.6,15,7.217395559,0.086470344,288.15,-2.4479537677593557,0.007217395559,-0.34640034653161195,40.2725042877652,-3.930324389204771,1.9764941619272198,0.019637301391170967
444,9,9.6,15,9.297829304,0.17794163699999999,288.15,-1.726299664477587,0.009297829304000001,-0.34640034653161195,40.2725042877652,-3.398635388035017,2.2297809647432407,0.03341884261124491
445,9,9.6,15,12.78346646,0.13431983,288.15,-2.0075315318479587,0.01278346646,-0.34640034653161195,40.2725042877652,-3.9186460217267816,2.5481526531717638,0.019867977350696585
446,9,9.6,15,12.78346646,0.18122479600000002,288.15,-1.7080170514683355,0.01278346646,-0.34640034653161195,40.2725042877652,-3.6191315413471585,2.5481526531717638,0.02680594624272983
447,9,9.6,15,16.34030494,0.06027880099999999,288.15,-2.80877479593261,0.016340304939999998,-0.34640034653161195,40.2725042877652,-4.904000859509927,2.7936347514364233,0.007416849857095535
448,9,9.6,15,16.98670639,0.258911008,288.15,-1.3512708747816724,0.01698670639,-0.34640034653161195,40.2725042877652,-3.4755941706020588,2.832431061093849,0.03094344267601388
449,9,9.6,15,20.45742731,0.32454716100000003,288.15,-1.1253244190374525,0.02045742731,-0.34640034653161195,40.2725042877652,-3.3890839266822,3.0183460101929964,0.033739570667376144
450,9,9.6,20,2.297194423,0.08713796300000001,293.15,-2.440262634742336,0.0022971944230000003,0.340492102517769,39.58561183871582,-3.0640290564425423,0.8316885622669415,0.0466991621098003
451,9,9.6,20,3.01468276,0.062350415,293.15,-2.774984950903904,0.00301468276,0.340492102517769,39.58561183871582,-3.602605903963326,1.1034946040792295,0.027252612144225568
452,9,9.6,20,3.2423791889999998,0.078630352,293.15,-2.5429974963258815,0.0032423791889999998,0.340492102517769,39.58561183871582,-3.4252280297640674,1.1763073779175812,0.03254185963041641
453,9,9.6,20,3.2423791889999998,0.082021859,293.15,-2.500769494071467,0.0032423791889999998,0.340492102517769,39.58561183871582,-3.383000027509653,1.1763073779175812,0.03394546449701519
454,9,9.6,20,3.729253575,0.09223400699999999,293.15,-2.383426376944756,0.003729253575,0.340492102517769,39.58561183871582,-3.370582451711685,1.3162080996892391,0.03436961287254757
455,9,9.6,20,4.259325406,0.106588277,293.15,-2.2387817451551517,0.0042593254060000005,0.340492102517769,39.58561183871582,-3.3256148394121605,1.449110792342678,0.03595040822905281
456,9,9.6,20,4.259325406,0.260972251,293.15,-1.3433411953192664,0.0042593254060000005,0.340492102517769,39.58561183871582,-2.430174289576275,1.449110792342678,0.0880214900171886
457,9,9.6,20,11.2048731,0.215386535,293.15,-1.5353210278200946,0.0112048731,0.340492102517769,39.58561183871582,-3.34758261423576,2.416348781887554,0.03516926911381586
458,9,9.6,20,13.059269,0.593028807,293.15,-0.5225123027494647,0.013059269,0.340492102517769,39.58561183871582,-2.449635915134605,2.569498149846854,0.08632501040833328
459,9,9.6,20,15.39984125,0.156014434,293.15,-1.8578067503718074,0.015399841249999999,0.340492102517769,39.58561183871582,-3.908574651065477,2.734357200924893,0.020069086135532373
460,9,9.6,20,19.02080227,0.399374904,293.15,-0.9178546942259536,0.01902080227,0.340492102517769,39.58561183871582,-3.1270046216490788,2.9455332365641667,0.043848944916570376
461,9,9.6,25,2.392315845,0.087267085,298.15,-2.438781920450261,0.002392315845,1.0043460659374541,38.92175787529614,-3.0929783226470047,0.8722618695956584,0.04536663651353212
462,9,9.6,25,2.4898563769999997,0.090133715,298.15,-2.4064609890229476,0.0024898563769999997,1.0043460659374541,38.92175787529614,-3.0906297606929876,0.9122250288933869,0.04547330808339373
463,9,9.6,25,3.01468276,0.131139944,298.15,-2.031490251171309,0.00301468276,1.0043460659374541,38.92175787529614,-2.859111204230731,1.1034946040792295,0.05731968312396094
464,9,9.6,25,3.729253575,0.065134921,298.15,-2.7312944526989322,0.003729253575,1.0043460659374541,38.92175787529614,-3.7184505274658615,1.3162080996892391,0.024271546819536628
465,9,9.6,25,3.988798965,0.139624601,298.15,-1.968797879251287,0.003988798965,1.0043460659374541,38.92175787529614,-3.0064155099842282,1.3834901743105885,0.049468681333298105
466,9,9.6,25,4.122678285,0.18598812899999997,298.15,-1.6820724298863288,0.0041226782850000004,1.0043460659374541,38.92175787529614,-2.7444496958858933,1.4165030213327525,0.06428366677892682
467,9,9.6,25,5.782913007,0.23087905399999997,298.15,-1.4658612813315681,0.005782913007,1.0043460659374541,38.92175787529614,-2.782041933465533,1.75490753617862,0.06191195811954557
468,9,9.6,25,5.917513466,0.279713853,298.15,-1.2739881519349123,0.005917513466,1.0043460659374541,38.92175787529614,-2.6074254054548356,1.7779163380265643,0.07372410932082425
469,9,9.6,25,6.47539566,0.37748799200000005,298.15,-0.9742165200705063,0.00647539566,1.0043460659374541,38.92175787529614,-2.3752238037031748,1.8680097115102245,0.09299367455281488
470,9,9.6,25,7.217395559,0.498312384,298.15,-0.6965281215051016,0.007217395559,1.0043460659374541,38.92175787529614,-2.1788987429505164,1.9764941619272198,0.11316608699464549
471,9,9.6,25,8.426182187,0.322635764,298.15,-1.131231257687443,0.008426182187,1.0043460659374541,38.92175787529614,-2.72973909668224,2.1313437853263957,0.06523630781713313
472,9,9.6,25,16.08611118,0.78846379,298.15,-0.2376687962714407,0.01608611118,1.0043460659374541,38.92175787529614,-2.3211359763150465,2.7779562400581415,0.09816201252290745
473,9,9.6,25,18.32680603,0.23333264,298.15,-1.4552902040398281,0.01832680603,1.0043460659374541,38.92175787529614,-3.6365638028710863,2.9083647984416774,0.026342707358952944
474,9,9.6,25,18.32680603,0.715405387,298.15,-0.33490592213245324,0.01832680603,1.0043460659374541,38.92175787529614,-2.516179520963711,2.9083647984416774,0.08076758893551918
475,9,9.6,30,3.01468276,0.07883947200000001,303.15,-2.54034149382811,0.00301468276,1.6463014984839848,38.279802442749606,-3.367962446887532,1.1034946040792295,0.03445977949098706
476,9,9.6,30,1.193200216,0.113841169,303.15,-2.1729510564549503,0.001193200216,1.6463014984839848,38.279802442749606,-2.30543027246814,0.1766389546842529,0.09971588642131111
477,9,9.6,30,1.7919481680000002,0.129158809,303.15,-2.0467125542556674,0.0017919481680000002,1.6463014984839848,38.279802442749606,-2.484190096776132,0.5833033900272859,0.08339306748310897
478,9,9.6,30,5.04599877,0.5870982370000001,303.15,-0.5325631188120938,0.00504599877,1.6463014984839848,38.279802442749606,-1.7465098236581473,1.6185956064614047,0.1743815047880677
479,9,9.6,30,5.749564275,0.35881781799999996,303.15,-1.0249404900528085,0.005749564275,1.6463014984839848,38.279802442749606,-2.3367835453106123,1.7491240736770721,0.09663797053154233
480,9,9.6,30,7.726888037,0.5704275639999999,303.15,-0.5613690870664473,0.007726888037,1.6463014984839848,38.279802442749606,-2.094898736320685,2.0447061990056503,0.12308270683067725
481,9,9.6,30,8.010259897000001,0.342090461,303.15,-1.0726800710470832,0.008010259897,1.6463014984839848,38.279802442749606,-2.6332224763875938,2.080723207120681,0.07184656493860991
482,9,9.6,30,9.030707948,0.644232362,303.15,-0.43969580739525393,0.009030707948,1.6463014984839848,38.279802442749606,-2.0901688803298852,2.2006307639128413,0.12366624925686968
483,9,9.6,30,11.97795369,0.788585164,303.15,-0.23751487080206093,0.01197795369,1.6463014984839848,38.279802442749606,-2.0998156964870582,2.483067767579996,0.12247899948280583
484,9,9.6,30,14.19948729,0.654586054,303.15,-0.4237522217555078,0.01419948729,1.6463014984839848,38.279802442749606,-2.413656614968511,2.6532058576173374,0.08948747434316093
485,9,9.6,30,15.09404812,0.716313578,303.15,-0.33363724979658976,0.01509404812,1.6463014984839848,38.279802442749606,-2.369362626206084,2.7143005018793254,0.09354032743531449
486,9,9.6,30,16.66155056,0.733228071,303.15,-0.31029847815208056,0.01666155056,1.6463014984839848,38.279802442749606,-2.4201262555792358,2.813103703236207,0.08891039131776383
487,9,9.6,35,0.632200646,0.049581292,308.15,-3.004141693819904,0.000632200646,2.267424367910394,37.6586795733232,-2.6602303507904494,-0.45854845737260647,0.06993211097212179
488,9,9.6,35,2.026102549,0.045560074000000006,308.15,-3.0887235161726925,0.002026102549,2.267424367910394,37.6586795733232,-3.6183090319460973,0.7061140210312066,0.026828003455407694
489,9,9.6,35,2.509656894,0.357913349,308.15,-1.027464363777746,0.0025096568939999998,2.267424367910394,37.6586795733232,-1.7175738999145949,0.9201460481824651,0.1795011077229059
490,9,9.6,35,2.90468853,0.130918952,308.15,-2.033176834269678,0.00290468853,2.267424367910394,37.6586795733232,-2.832921458744861,1.0663261659669105,0.05884070164200103
491,9,9.6,35,3.01468276,0.264926025,308.15,-1.328304642909188,0.00301468276,2.267424367910394,37.6586795733232,-2.1559255959686103,1.1034946040792295,0.11579596072033213
492,9,9.6,35,3.383992715,0.347829382,308.15,-1.0560432010441847,0.0033839927150000003,2.267424367910394,37.6586795733232,-1.970335417767096,1.2190562889638819,0.1394100877516583
493,9,9.6,35,4.259325406,0.269037316,308.15,-1.3129051878116011,0.0042593254060000005,2.267424367910394,37.6586795733232,-2.39973828206861,1.449110792342678,0.0907416989116794
494,9,9.6,35,5.81638212,0.16104074,308.15,-1.8260979025295143,0.00581638212,2.267424367910394,37.6586795733232,-3.146606732219041,1.7606784395860358,0.042997782593165085
495,9,9.6,35,6.054051012,0.762593327,308.15,-0.27103038192478385,0.006054051012,2.267424367910394,37.6586795733232,-1.6215761094711936,1.8007276367285463,0.1975870347427295
496,9,9.6,35,9.753879889,1.076227632,308.15,0.07346199326856687,0.009753879889,2.267424367910394,37.6586795733232,-1.6347868641217036,2.2776651431870274,0.1949939270724211
497,9,9.6,35,10.707241900000001,0.384986848,308.15,-0.9545461063168155,0.010707241900000001,2.267424367910394,37.6586795733232,-2.732736350529782,2.370920325617289,0.06504107077617469
498,9,9.6,35,12.24282828,0.678463622,308.15,-0.38792441647249554,0.01224282828,2.267424367910394,37.6586795733232,-2.2666296557370362,2.5049403190193873,0.1036609651292167
499,9,9.6,35,12.29623735,0.647637632,308.15,-0.43442394892256425,0.012296237350000001,2.267424367910394,37.6586795733232,-2.3163939307290904,2.509293309075368,0.09862860669215254
500,9,9.6,35,12.56546209,0.41963239,308.15,-0.8683762128748406,0.01256546209,2.267424367910394,37.6586795733232,-2.7665901725880793,2.5309519462843184,0.06287603606116103
501,9,9.6,35,14.55322349,1.101554263,308.15,0.09672214887031026,0.014553223490000001,2.267424367910394,37.6586795733232,-1.9116372372179473,2.6778125147843435,0.14783814223513386
502,9,9.6,35,17.58190042,1.11393648,308.15,0.10790012013075112,0.01758190042,2.267424367910394,37.6586795733232,-2.0422523706186992,2.866869987665934,0.12973616761206183
503,9,9.6,35,21.80663405,1.464287069,308.15,0.3813684816994077,0.02180663405,2.267424367910394,37.6586795733232,-1.930292196591377,3.0822142377210464,0.14510579287047182
504,9,9.6,35,23.130605199999998,1.469238415,308.15,0.38474418150420864,0.023130605199999998,2.267424367910394,37.6586795733232,-1.971123299286686,3.1411566410545264,0.13930029237842678
505,9,9.6,35,23.36931597,0.9771587740000001,308.15,-0.02310612837223487,0.02336931597,2.267424367910394,37.6586795733232,-2.386674037281753,3.1514238785460242,0.09193494815736976
506,9,9.6,40,2.168042507,0.067745478,313.15,-2.6919975668373533,0.002168042507,2.8687125616406064,37.057391379592985,-3.27236608428861,0.7738246899350094,0.037916606968081364
507,9,9.6,40,2.222822812,0.081185158,313.15,-2.511022831772631,0.002222822812,2.8687125616406064,37.057391379592985,-3.110106275599624,0.7987779251026574,0.044596215598865833
508,9,9.6,40,2.222822812,0.139894699,313.15,-1.9668652893795617,0.002222822812,2.8687125616406064,37.057391379592985,-2.565948733206555,0.7987779251026574,0.07684624026650834
509,9,9.6,40,2.569646718,0.103922504,313.15,-2.2641098114520393,0.002569646718,2.8687125616406064,37.057391379592985,-2.9719361306857013,0.943768425644883,0.05120407651432608
510,9,9.6,40,2.882995008,0.032732691,313.15,-3.419380975700287,0.002882995008,2.8687125616406064,37.057391379592985,-4.213503241044119,1.0588296871251095,0.014794448927373294
511,9,9.6,40,3.4805079460000004,0.239435747,313.15,-1.4294701778740948,0.0034805079460000004,2.8687125616406064,37.057391379592985,-2.364853861346065,1.2471782446292934,0.09396303099603648
512,9,9.6,40,3.936017182,0.09199983800000001,313.15,-2.385968462804212,0.003936017182,2.8687125616406064,37.057391379592985,-3.4135954711987178,1.3701693445260075,0.032922615004458304
513,9,9.6,40,4.259325406,0.278630403,313.15,-1.277869095808669,0.0042593254060000005,2.8687125616406064,37.057391379592985,-2.3647021900656773,1.449110792342678,0.09397728357008249
514,9,9.6,40,4.54101264,0.056677894000000006,313.15,-2.87037102081326,0.00454101264,2.8687125616406064,37.057391379592985,-4.005233547543108,1.5131500356397973,0.01822003351767432
515,9,9.6,40,4.54101264,0.266691603,313.15,-1.3216623331042239,0.00454101264,2.8687125616406064,37.057391379592985,-2.456524859834072,1.5131500356397973,0.08573236587693772
516,9,9.6,40,4.834038915,0.422789619,313.15,-0.8608805782676163,0.004834038915,2.8687125616406064,37.057391379592985,-2.0426423276559786,1.5756823325178164,0.12968558594349164
517,9,9.6,40,10.22363063,0.491388396,313.15,-0.7105204333374913,0.010223630630000001,2.8687125616406064,37.057391379592985,-2.454046760270418,2.3247017692439025,0.08594508267325102
518,9,9.6,40,11.71668271,0.38465774,313.15,-0.9554013270906389,0.01171668271,2.8687125616406064,37.057391379592985,-2.801161601237262,2.4610136988621645,0.06073946659139268
519,9,9.6,40,13.28256078,0.469377063,313.15,-0.7563488612670053,0.013282560780000001,2.8687125616406064,37.057391379592985,-2.696187827725719,2.586451955278285,0.06746220069057662
520,9,9.6,40,15.09404812,0.539079349,313.15,-0.617892503694878,0.01509404812,2.8687125616406064,37.057391379592985,-2.653617880104372,2.7143005018793254,0.07039606726410005
521,9,9.6,40,15.5851566,0.162190933,313.15,-1.8189810389865992,0.015585156599999999,2.8687125616406064,37.057391379592985,-3.8787202599556094,2.7463189612920136,0.020677269787148476
522,9,9.6,45,11.25541343,0.223192377,318.15,-1.4997212022840223,0.011255413430000001,3.451101236473122,36.47500270476047,-3.315358107302728,2.4208492066916074,0.036321039418683164
523,9,9.6,45,11.66485923,0.296426906,318.15,-1.2159546137016874,0.01166485923,3.451101236473122,36.47500270476047,-3.05839024195915,2.456580837676617,0.04696323384753025
524,9,9.6,45,12.67417193,0.242430609,318.15,-1.417039758006488,0.01267417193,3.451101236473122,36.47500270476047,-3.321714420288951,2.539566216376617,0.03609090370630345
525,9,9.6,45,13.11487066,0.26421603,318.15,-1.3309882150024674,0.01311487066,3.451101236473122,36.47500270476047,-3.261298278462557,2.5737467512801193,0.0383385915255376
526,9,9.6,45,14.79207078,0.26118675,318.15,-1.3425196102784844,0.01479207078,3.451101236473122,36.47500270476047,-3.363088069597713,2.6940912790923046,0.03462815949800522
527,9,9.6,45,16.27652339,0.23389655,318.15,-1.452876355393901,0.016276523390000002,3.451101236473122,36.47500270476047,-3.545169195483653,2.7897237867863356,0.02886373848232651
528,9,9.6,45,16.9213615,0.25676314699999997,318.15,-1.359601226031649,0.0169213615,3.451101236473122,36.47500270476047,-3.481033839414546,2.828576817843863,0.030775577575142248
