trial,system,date_time,year,species,stream,stream_temp,exp_temp,chamber,mass,resp,start_status,end_status,comm_1,comm_2,comm_3,confidence_id,outlier,remove
73,old,7.6_1300,2016,Radix balthica,11,5.6,5,3,3.01468276,0.010438368,,,,,,,,
74,old,7.6_1400,2016,Radix balthica,11,5.6,5,3,3.01468276,0.016002424,,,"repeat of trial: 5 acute 7.6_1300_old, with regular small chambers",,,,,
73,old,7.6_1300,2016,Radix balthica,11,5.6,5,4,11.71668271,0.039202816,,,,,,,,
74,old,7.6_1400,2016,Radix balthica,11,5.6,5,4,11.71668271,0.042460717,,,"repeat of trial: 5 acute 7.6_1300_old, with regular small chambers",,,,,
73,old,7.6_1300,2016,Radix balthica,11,5.6,5,5,13.33875303,0.042686691,,,,,,,,
74,old,7.6_1400,2016,Radix balthica,11,5.6,5,5,13.33875303,0.076883347,,,"repeat of trial: 5 acute 7.6_1300_old, with regular small chambers",,,,,
24,old,6.25_1730,2016,Radix balthica,11,5.6,5,2,23.52930656,0.366810496,,,reg. chamber - R2=0.888; gave this to Maureen for parasites (her measurement),,,,,
105,old,7.8_1400,2016,Radix balthica,11,5.6,10,5,16.98670639,0.198873587,,,used short fat chambers,,,,,
105,old,7.8_1400,2016,Radix balthica,11,5.6,10,4,21.95987395,0.143871139,,,used short fat chambers,,,,,
105,old,7.8_1400,2016,Radix balthica,11,5.6,10,2,29.56640466,0.227699182,,,used short fat chambers. Body size measurements from Carl's data for this trial,,,,,
105,old,7.8_1400,2016,Radix balthica,11,5.6,10,3,29.56640466,0.231052504,,,used short fat chambers,,,,,
32,old,6.28_1000,2016,Radix balthica,11,5.6,10,3,33.70974549,0.459715232,,,meas. from Maureen,,,,,
111,new,7.7_2100,2016,Radix balthica,11,5.6,15,4,12.78346646,0.154576185,,,first set removed,,,,,
111,new,7.7_2100,2016,Radix balthica,11,5.6,15,2,12.78346646,0.165230926,,,first set removed,,,,,
111,new,7.7_2100,2016,Radix balthica,11,5.6,15,3,29.56640466,0.50273676,,,first two sets removed,,,,,
117,old,6.26_2100,2015,Radix balthica,11,5.6,15,4,45.53734663,0.0685878,,,,
111,new,7.7_2100,2016,Radix balthica,11,5.6,15,5,55.8716313,0.968794702,,,needs 3rd set removed. DONE,
153,old,6.30_1500,2015,Radix balthica,11,5.6,20,5,1.857023741,0.044811,,,,
87,old,7.7_1130,2016,Radix balthica,11,5.6,20,3,16.98670639,0.365703688,,,"need to go into file to cut out some intermediate points, when snail was in contact with sensor. DONE",
87,old,7.7_1130,2016,Radix balthica,11,5.6,20,2,19.73096028,0.563654907,,,"need to go into file to cut out some intermediate points, when snail was in contact with sensor. DONE",
87,old,7.7_1130,2016,Radix balthica,11,5.6,20,4,21.20034991,0.556025398,,,"need to go into file to cut out some intermediate points, when snail was in contact with sensor. DONE",
87,old,7.7_1130,2016,Radix balthica,11,5.6,20,5,25.16687905,0.620487645,,,"need to go into file to cut out some intermediate points, when snail was in contact with sensor. DONE",
198,old,7.7_1700,2015,Radix balthica,11,5.6,20,3,34.41653866,0.090876,,,,
59,,6.29.17_1600,2017,Radix balthica,11,5.6,25,7,4.924184379,0.350165875,,,Need to delete 3rd meas - sensor was in wrong chamber,Have removed some pts in JMP
59,,6.29.17_1600,2017,Radix balthica,11,5.6,25,8,5.917513466,0.308105856,,,,
51,old,6.10_1700,2015,Radix balthica,11,5.6,25,3,7.217395559,0.333696,,,,
70,old,7.5_2000,2016,Radix balthica,11,5.6,25,3,10.22363063,0.476800344,,,,
70,old,7.5_2000,2016,Radix balthica,11,5.6,25,6,10.7072419,0.37502563,,,may have mixed up snails w/ chamber 4,
51,old,6.10_1700,2015,Radix balthica,11,5.6,25,5,11.71668271,0.554516,,,,
70,old,7.5_2000,2016,Radix balthica,11,5.6,25,2,12.78346646,0.583726295,,,,
70,old,7.5_2000,2016,Radix balthica,11,5.6,25,4,15.70946915,0.652409649,,,may have mixed up snails w/ chamber 6,
70,old,7.5_2000,2016,Radix balthica,11,5.6,25,5,16.98670639,0.349785623,,,
51,old,6.10_1700,2015,Radix balthica,11,5.6,25,4,17.64882362,0.563196,,,
51,old,6.10_1700,2015,Radix balthica,11,5.6,25,2,34.41653866,0.936476,,,
53,,6.27.17_1800,2017,Radix balthica,11,5.6,30,8,5.169675378,0.57067086,,,
53,,6.27.17_1800,2017,Radix balthica,11,5.6,30,6,6.403941512,0.551769737,,,
53,,6.27.17_1800,2017,Radix balthica,11,5.6,30,3,6.47539566,0.48895589,,,Have removed some pts in JMP
53,,6.27.17_1800,2017,Radix balthica,11,5.6,30,7,6.72939368,0.784932204,,,
53,,6.27.17_1800,2017,Radix balthica,11,5.6,30,4,8.855317524,0.557989792,,,
113,new,7.8_0900,2016,Radix balthica,11,5.6,30,6,11.2048731,0.369766688,,,
113,new,7.8_0900,2016,Radix balthica,11,5.6,30,3,11.2048731,0.47571068,,,
53,,6.27.17_1800,2017,Radix balthica,11,5.6,30,2,11.35692007,0.926097871,,,
53,,6.27.17_1800,2017,Radix balthica,11,5.6,30,5,14.672344,1.159188118,,,Have removed some pts in JMP
113,new,7.8_0900,2016,Radix balthica,11,5.6,30,5,17.64882362,0.592491681,,,
166,old,7.2_1900,2015,Radix balthica,11,5.6,30,3,17.64882362,1.028636,,,
166,old,7.2_1900,2015,Radix balthica,11,5.6,30,2,17.64882362,1.48425,,,"meas. looks good, no reason to exclude"
113,new,7.8_0900,2016,Radix balthica,11,5.6,30,4,21.20034991,0.66051655,,,
113,new,7.8_0900,2016,Radix balthica,11,5.6,30,2,22.73614465,0.861062559,,,
201,old,7.7_2130,2015,Radix balthica,11,5.6,30,2,27.31140798,0.41404,,,"same individual as used in trial 202, ch3 - smaller container here"
178,old,7.3_1700,2015,Radix balthica,11,5.6,35,4,1.143913788,0.15251,,,
107,old,7.8_1600,2016,Radix balthica,11,5.6,35,7,2.392315845,0.15593421,,,used regular (small) chambers
92,old,6.15_1930,2015,Radix balthica,11,5.6,35,6,3.480507946,0.34645,,,
107,old,7.8_1600,2016,Radix balthica,11,5.6,35,8,3.480507946,0.070352603,,,used regular (small) chambers
17,,6.19.17_2030,2017,Radix balthica,11,5.6,35,7,5.551990232,0.349578312,,,labels mistakingly written as 6.19.17_2000
17,,6.19.17_2030,2017,Radix balthica,11,5.6,35,8,6.692734657,0.439561644,,,labels mistakingly written as 6.19.17_2000
17,,6.19.17_2030,2017,Radix balthica,11,5.6,35,4,8.258236891,0.354334686,,,
17,,6.19.17_2030,2017,Radix balthica,11,5.6,35,5,10.31923893,0.508614106,,,
107,old,7.8_1600,2016,Radix balthica,11,5.6,35,6,12.24282828,0.523302663,,,used regular (small) chambers
17,,6.19.17_2030,2017,Radix balthica,11,5.6,35,3,13.17061975,0.741112206,,,
17,,6.19.17_2030,2017,Radix balthica,11,5.6,35,6,14.37567678,0.699111063,,,labels mistakingly written as 6.19.17_2000
107,old,7.8_1600,2016,Radix balthica,11,5.6,35,2,14.4938902,0.177169784,,,used regular (small) chambers
107,old,7.8_1600,2016,Radix balthica,11,5.6,35,3,16.98670639,0.530695127,,,used regular (small) chambers
107,old,7.8_1600,2016,Radix balthica,11,5.6,35,5,18.32680603,0.502574382,,,used regular (small) chambers
107,old,7.8_1600,2016,Radix balthica,11,5.6,35,4,19.73096028,0.736730004,,,used regular (small) chambers
17,,6.19.17_2030,2017,Radix balthica,11,5.6,35,2,33.81015624,1.860587202,,,
205,old,7.8_1500,2015,Radix balthica,11,5.6,40,4,2.692290797,0.18669,,,
205,old,7.8_1500,2015,Radix balthica,11,5.6,40,3,3.360127953,0.112836,,,
38,,6.25.17_1900,2017,Radix balthica,11,5.6,40,2,8.725179811,0.270911658,,,
38,,6.25.17_1900,2017,Radix balthica,11,5.6,40,7,11.15447456,0.4246498,,,
38,,6.25.17_1900,2017,Radix balthica,11,5.6,40,6,11.66485923,0.337339277,,,
38,,6.25.17_1900,2017,Radix balthica,11,5.6,40,3,13.4515818,0.374759353,,,
38,,6.25.17_1900,2017,Radix balthica,11,5.6,40,4,17.44852939,0.564932848,,,
38,,6.25.17_1900,2017,Radix balthica,11,5.6,40,5,17.85054572,0.550388376,,,
128,old,6.28_1300,2015,Radix balthica,11,5.6,40,8,19.02080227,0.415272,,,
38,,6.25.17_1900,2017,Radix balthica,11,5.6,40,8,40.74278105,1.184804635,,,
139,old,6.28_2000,2015,Radix balthica,11,5.6,45,6,2.797232396,0.031654,,dead,
69,,7.1.17_030,2017,Radix balthica,11,5.6,45,8,8.725179811,0.154256374,,,
69,,7.1.17_030,2017,Radix balthica,11,5.6,45,5,9.030707948,0.160634931,,,
69,,7.1.17_030,2017,Radix balthica,11,5.6,45,7,10.7072419,0.221705711,,,
69,,7.1.17_030,2017,Radix balthica,11,5.6,45,4,12.67417193,0.240446192,,,
69,,7.1.17_030,2017,Radix balthica,11,5.6,45,6,13.00381459,0.196696926,,,
69,,7.1.17_030,2017,Radix balthica,11,5.6,45,3,15.09404812,0.294396915,,,
69,,7.1.17_030,2017,Radix balthica,11,5.6,45,2,16.53258414,0.226007475,,,
99,,7.3.17_1300,2017,Radix balthica,12,8.1,5,4,16.85617363,0.041071418,,,
99,,7.3.17_1300,2017,Radix balthica,12,8.1,5,6,25.00002283,0.299418849,,,
99,,7.3.17_1300,2017,Radix balthica,12,8.1,5,2,34.01153691,0.076382862,,,
98,,7.3.17_1200,2017,Radix balthica,12,8.1,10,7,17.91810442,0.329734522,,,
98,,7.3.17_1200,2017,Radix balthica,12,8.1,10,6,24.01337139,0.33039794,,,
98,,7.3.17_1200,2017,Radix balthica,12,8.1,10,8,28.37988466,0.0321723,,,
98,,7.3.17_1200,2017,Radix balthica,12,8.1,10,5,36.06657837,0.390215502,,,already cut out first meas - ramping
98,,7.3.17_1200,2017,Radix balthica,12,8.1,10,4,39.18120177,1.26939464,,,
98,,7.3.17_1200,2017,Radix balthica,12,8.1,10,3,45.05488789,0.365917751,,,
104,,7.3.17_1700,2017,Radix balthica,12,8.1,15,3,14.08277959,0.169159796,,,
104,,7.3.17_1700,2017,Radix balthica,12,8.1,15,2,33.70974549,0.495013482,,,
104,,7.3.17_1700,2017,Radix balthica,12,8.1,15,4,36.59212988,0.750030909,,,
104,,7.3.17_1700,2017,Radix balthica,12,8.1,15,5,56.83917098,0.567637212,,,,,,,,
70,,7.1.17_1230,2017,Radix balthica,12,8.1,20,7,13.00381459,0.949541637,,,,,,,,
70,,7.1.17_1230,2017,Radix balthica,12,8.1,20,4,28.74174159,0.891866979,,,,,,,,
70,,7.1.17_1230,2017,Radix balthica,12,8.1,20,6,33.70974549,0.977494444,,,,,,,,
70,,7.1.17_1230,2017,Radix balthica,12,8.1,20,3,33.91075334,0.741595946,,,,,,,,
70,,7.1.17_1230,2017,Radix balthica,12,8.1,20,5,50.28195887,1.564693011,,,,,,,,
70,,7.1.17_1230,2017,Radix balthica,12,8.1,20,2,68.17698112,1.055422845,,,,,,,,
56,,6.29.17_1330,2017,Radix balthica,12,8.1,25,8,11.66485923,1.038750599,,,Have removed some pts in JMP,,,,,
56,,6.29.17_1330,2017,Radix balthica,12,8.1,25,2,20.60469071,0.75724358,,,Have removed some pts in JMP,,,,,
56,,6.29.17_1330,2017,Radix balthica,12,8.1,25,6,25.75633944,1.308471583,,,Have removed some pts in JMP,"not confident in this rate, best guess (removed some pts)",,,,
56,,6.29.17_1330,2017,Radix balthica,12,8.1,25,4,25.84124376,1.272547729,,,Have removed some pts in JMP,,,,,
56,,6.29.17_1330,2017,Radix balthica,12,8.1,25,7,29.56640466,1.60638497,,,"Have removed some pts in JMP, cut out 2nd meas - snail ON sensor","not confident in this rate, had to delete pts, so only 2 meas. left",,,,
56,,6.29.17_1330,2017,Radix balthica,12,8.1,25,5,37.87286762,1.848290036,,,Have removed some pts in JMP,,,,,
56,,6.29.17_1330,2017,Radix balthica,12,8.1,25,3,53.03086799,2.042120787,,,Have removed some pts in JMP,,,,,
52,,6.27.17_1730,2017,Radix balthica,12,8.1,30,7,11.25541343,1.393328465,,,,,,,"borderline OUTLIER - a bit high, not horrible",no
52,,6.27.17_1730,2017,Radix balthica,12,8.1,30,8,12.56546209,1.645468964,,,Have removed some pts in JMP,,,,"borderline OUTLIER - a bit high, not horrible",no
52,,6.27.17_1730,2017,Radix balthica,12,8.1,30,5,34.92700294,2.196706029,,,,,,,,
52,,6.27.17_1730,2017,Radix balthica,12,8.1,30,2,37.22906379,1.788121856,,,,,,,,
23,,6.24.17_2230,2017,Radix balthica,12,8.1,35,6,29.19809124,3.097550792,,,,,,,"borderline OUTLIER - a bit high, not horrible",no
23,,6.24.17_2230,2017,Radix balthica,12,8.1,35,5,28.28986688,1.56289875,,,,,,,,
23,,6.24.17_2230,2017,Radix balthica,12,8.1,35,2,28.47008089,1.314582761,,,,,,,,
23,,6.24.17_2230,2017,Radix balthica,12,8.1,35,3,39.84579032,1.838966273,,,,,,,,
23,,6.24.17_2230,2017,Radix balthica,12,8.1,35,7,50.92819348,3.114101948,,,"Rate has been adjusted, best guess",,,,,
36,,6.25.17_1800,2017,Radix balthica,12,8.1,40,7,7.888035197,0.375248321,,,,,,,,
36,,6.25.17_1800,2017,Radix balthica,12,8.1,40,2,29.01501326,0.778439727,,,,,,,,
36,,6.25.17_1800,2017,Radix balthica,12,8.1,40,6,32.22585121,1.125683384,,,,,,,,
36,,6.25.17_1800,2017,Radix balthica,12,8.1,40,8,33.21048195,1.619625016,,,,,,,,
36,,6.25.17_1800,2017,Radix balthica,12,8.1,40,5,48.12310389,1.204601511,,,,,,,,
36,,6.25.17_1800,2017,Radix balthica,12,8.1,40,3,67.55614013,2.066977346,,,,,,,,
36,,6.25.17_1800,2017,Radix balthica,12,8.1,40,4,72.94687975,1.992676013,,,,,,,,
67,,6.30.17_2300,2017,Radix balthica,12,8.1,45,8,9.661578908,0.264087552,,,,,,,,
67,,6.30.17_2300,2017,Radix balthica,12,8.1,45,6,24.83385832,0.253022585,,,,,,,,
67,,6.30.17_2300,2017,Radix balthica,12,8.1,45,7,26.09700337,0.446854384
67,,6.30.17_2300,2017,Radix balthica,12,8.1,45,2,26.96091713,0.737784662
67,,6.30.17_2300,2017,Radix balthica,12,8.1,45,4,31.25963417,0.726157347
67,,6.30.17_2300,2017,Radix balthica,12,8.1,45,5,58.52199048,0.764122128
67,,6.30.17_2300,2017,Radix balthica,12,8.1,45,3,62.12682988,1.139841529
101,,7.3.17_1430,2017,Radix balthica,2,13.9,5,5,2.078628122,0.007087871
101,,7.3.17_1430,2017,Radix balthica,2,13.9,5,4,2.529555329,0.017396049
101,,7.3.17_1430,2017,Radix balthica,2,13.9,5,7,2.77604367,0.020490041
101,,7.3.17_1430,2017,Radix balthica,2,13.9,5,6,6.019734424,0.041140545
101,,7.3.17_1430,2017,Radix balthica,2,13.9,5,3,7.102885676,0.010583906
101,,7.3.17_1430,2017,Radix balthica,2,13.9,5,2,30.03085323,0.118294638
95,,7.3.17_1030,2017,Radix balthica,2,13.9,10,7,1.940414649,0.037378079
95,,7.3.17_1030,2017,Radix balthica,2,13.9,10,8,2.970378993,0.040514639
95,,7.3.17_1030,2017,Radix balthica,2,13.9,10,3,3.312713992,0.048840715
95,,7.3.17_1030,2017,Radix balthica,2,13.9,10,5,3.480507946,0.057461941
95,,7.3.17_1030,2017,Radix balthica,2,13.9,10,4,5.61736971,0.044075722
95,,7.3.17_1030,2017,Radix balthica,2,13.9,10,2,10.12857676,0.137185,,
95,,7.3.17_1030,2017,Radix balthica,2,13.9,10,6,11.15447456,0.10981574,,
102,,7.3.17_1530,2017,Radix balthica,2,13.9,15,3,2.259817797,0.032521004,,
102,,7.3.17_1530,2017,Radix balthica,2,13.9,15,6,2.470153586,0.060814342,,
102,,7.3.17_1530,2017,Radix balthica,2,13.9,15,2,3.059396375,0.045846642,,
102,,7.3.17_1530,2017,Radix balthica,2,13.9,15,4,3.55400851,0.043658245,,
102,,7.3.17_1530,2017,Radix balthica,2,13.9,15,5,9.433215544,0.248379964,,
71,,7.1.17_1400,2017,Radix balthica,2,13.9,20,7,1.857023741,0.139858691,,
71,,7.1.17_1400,2017,Radix balthica,2,13.9,20,6,3.703896028,0.1527125,,
71,,7.1.17_1400,2017,Radix balthica,2,13.9,20,5,5.326906925,0.156716844,,
71,,7.1.17_1400,2017,Radix balthica,2,13.9,20,8,8.725179811,0.080910947,didn't look very active,didn't look very active
71,,7.1.17_1400,2017,Radix balthica,2,13.9,20,2,8.768425555,0.089236611,,
71,,7.1.17_1400,2017,Radix balthica,2,13.9,20,4,16.21289735,0.408688394,,
71,,7.1.17_1400,2017,Radix balthica,2,13.9,20,3,87.02937982,1.061673096,,
57,,6.29.17_1430,2017,Radix balthica,2,13.9,25,7,1.759951712,0.114568669,,
57,,6.29.17_1430,2017,Radix balthica,2,13.9,25,6,1.857023741,0.086481568,,
57,,6.29.17_1430,2017,Radix balthica,2,13.9,25,3,2.241272697,0.129585941
57,,6.29.17_1430,2017,Radix balthica,2,13.9,25,8,4.42698701,0.462155914
57,,6.29.17_1430,2017,Radix balthica,2,13.9,25,4,9.893359279,0.431234803
57,,6.29.17_1430,2017,Radix balthica,2,13.9,25,2,41.99654909,1.122980575
50,,6.27.17_1630,2017,Radix balthica,2,13.9,30,8,1.243790084,0.115828454
50,,6.27.17_1630,2017,Radix balthica,2,13.9,30,4,6.439606772,0.397535277
50,,6.27.17_1630,2017,Radix balthica,2,13.9,30,7,8.010259897,0.571746706
50,,6.27.17_1630,2017,Radix balthica,2,13.9,30,2,9.56982465,0.550531923
50,,6.27.17_1630,2017,Radix balthica,2,13.9,30,5,12.13644476,0.915081579
50,,6.27.17_1630,2017,Radix balthica,2,13.9,30,6,20.31082214,0.709689691
50,,6.27.17_1630,2017,Radix balthica,2,13.9,30,3,37.01599061,0.84868617
74,,7.1.17_1700,2017,Radix balthica,2,13.9,35,7,1.193200216,0.111203731
74,,7.1.17_1700,2017,Radix balthica,2,13.9,35,5,1.791948168,0.064974987
74,,7.1.17_1700,2017,Radix balthica,2,13.9,35,8,1.824304978,0.274654106
74,,7.1.17_1700,2017,Radix balthica,2,13.9,35,4,2.149971539,0.09992423
74,,7.1.17_1700,2017,Radix balthica,2,13.9,35,3,3.407962911,0.192082453
74,,7.1.17_1700,2017,Radix balthica,2,13.9,35,6,3.480507946,0.318154552
74,,7.1.17_1700,2017,Radix balthica,2,13.9,35,2,27.13580962,0.832469591
33,,6.25.17_1600,2017,Radix balthica,2,13.9,40,8,2.222822812,0.219705838
33,,6.25.17_1600,2017,Radix balthica,2,13.9,40,4,2.970378993,0.137179165
33,,6.25.17_1600,2017,Radix balthica,2,13.9,40,2,5.454814382,0.214027518
33,,6.25.17_1600,2017,Radix balthica,2,13.9,40,5,6.692734657,0.208579207
33,,6.25.17_1600,2017,Radix balthica,2,13.9,40,7,6.914566888,0.367020019
33,,6.25.17_1600,2017,Radix balthica,2,13.9,40,6,11.35692007,0.47097983
33,,6.25.17_1600,2017,Radix balthica,2,13.9,40,3,56.97823748,2.283476764
65,,6.30.17_2200,2017,Radix balthica,2,13.9,45,8,2.733967205,0.090315848
65,,6.30.17_2200,2017,Radix balthica,2,13.9,45,2,3.456220342,0.06665683
65,,6.30.17_2200,2017,Radix balthica,2,13.9,45,3,3.780292848,0.038125659
65,,6.30.17_2200,2017,Radix balthica,2,13.9,45,5,3.831765572,0.056887338
65,,6.30.17_2200,2017,Radix balthica,2,13.9,45,4,10.12857676,0.144812669
65,,6.30.17_2200,2017,Radix balthica,2,13.9,45,7,10.6582525,0.097051577
65,,6.30.17_2200,2017,Radix balthica,2,13.9,45,6,29.01501326,0.240581752
104,old,6.24_1700,2015,Radix balthica,5,14.4,5,4,1.403514568,0.008844
104,old,6.24_1700,2015,Radix balthica,5,14.4,5,8,1.857023741,0.0127552
104,old,6.24_1700,2015,Radix balthica,5,14.4,5,7,1.857023741,0.013128
104,old,6.24_1700,2015,Radix balthica,5,14.4,5,5,3.988798965,0.0093882
104,old,6.24_1700,2015,Radix balthica,5,14.4,5,6,6.123049622,0.0229749
104,old,6.24_1700,2015,Radix balthica,5,14.4,5,3,7.217395559,0.0065748
104,old,6.24_1700,2015,Radix balthica,5,14.4,5,2,7.217395559,0.0272628
113,old,6.25_1700,2015,Radix balthica,5,14.4,10,6,1.143913788,0.029646
113,old,6.25_1700,2015,Radix balthica,5,14.4,10,4,2.026102549,0.034
113,old,6.25_1700,2015,Radix balthica,5,14.4,10,7,2.204467949,0.023194
113,old,6.25_1700,2015,Radix balthica,5,14.4,10,2,8.010259897,0.14119
113,old,6.25_1700,2015,Radix balthica,5,14.4,10,5,9.297829304,0.106972
113,old,6.25_1700,2015,Radix balthica,5,14.4,10,8,11.71668271,0.069288
113,old,6.25_1700,2015,Radix balthica,5,14.4,10,3,17.64882362,0.10254
57,old,6.11_1700,2015,Radix balthica,5,14.4,15,6,1.545931298,0.019282688
57,old,6.11_1700,2015,Radix balthica,5,14.4,15,8,2.797232396,0.023422688
57,old,6.11_1700,2015,Radix balthica,5,14.4,15,7,3.988798965,0.045752688,,,,
57,old,6.11_1700,2015,Radix balthica,5,14.4,15,2,3.988798965,0.068342688,,,,
57,old,6.11_1700,2015,Radix balthica,5,14.4,15,4,5.454814382,0.154322688,,,,
57,old,6.11_1700,2015,Radix balthica,5,14.4,15,5,6.47539566,0.043012224,,,extremely noisy (r2=0.109) - excluded whole middle measurement (R2=0.74),
155,old,6.30_1630,2015,Radix balthica,5,14.4,20,6,1.143913788,0.03075,,,,
155,old,6.30_1630,2015,Radix balthica,5,14.4,20,3,1.143913788,0.043892,,,,
155,old,6.30_1630,2015,Radix balthica,5,14.4,20,7,1.143913788,0.04778,,,,
155,old,6.30_1630,2015,Radix balthica,5,14.4,20,4,1.269578017,0.04054,,,,
155,old,6.30_1630,2015,Radix balthica,5,14.4,20,8,1.545931298,0.043216,,,,
155,old,6.30_1630,2015,Radix balthica,5,14.4,20,5,1.857023741,0.046495,,,,
155,old,6.30_1630,2015,Radix balthica,5,14.4,20,2,8.010259897,0.197374,,,,
49,old,6.10_1500,2015,Radix balthica,5,14.4,25,4,2.392315845,0.10466,,,,
49,old,6.10_1500,2015,Radix balthica,5,14.4,25,5,3.242379189,0.14461,,,may be an air bubble in chamber,
49,old,6.10_1500,2015,Radix balthica,5,14.4,25,6,3.988798965,0.20817,,,,
49,old,6.10_1500,2015,Radix balthica,5,14.4,25,7,3.988798965,0.46243,,,,
58,,6.29.17_1500,2017,Radix balthica,5,14.4,25,4,5.107603596,0.685411374,,,Need to remove 3rd meas - sensor was out of chamber,Have removed some pts in JMP
58,,6.29.17_1500,2017,Radix balthica,5,14.4,25,2,5.200886813,0.294984962,,,
49,old,6.10_1500,2015,Radix balthica,5,14.4,25,8,5.454814382,0.58108,,,
49,old,6.10_1500,2015,Radix balthica,5,14.4,25,3,7.217395559,0.19968,,,
49,old,6.10_1500,2015,Radix balthica,5,14.4,25,2,9.297829304,0.7714,,,
58,,6.29.17_1500,2017,Radix balthica,5,14.4,25,8,11.4078867,0.373096464,,,
58,,6.29.17_1500,2017,Radix balthica,5,14.4,25,5,12.03063969,0.922238274,,,
58,,6.29.17_1500,2017,Radix balthica,5,14.4,25,3,12.40349091,0.586678404,,,
58,,6.29.17_1500,2017,Radix balthica,5,14.4,25,6,14.4938902,0.716972262,,,
58,,6.29.17_1500,2017,Radix balthica,5,14.4,25,7,19.73096028,0.403293064,,,
80,old,6.15_1130,2015,Radix balthica,5,14.4,30,8,2.797232396,0.30064,,,
80,old,6.15_1130,2015,Radix balthica,5,14.4,30,7,3.988798965,0.45963,,,
54,,6.27.17_1900,2017,Radix balthica,5,14.4,30,8,5.39062404,0.874388658,,,
84,old,6.15_1500,2015,Radix balthica,5,14.4,30,7,5.454814382,0.43806,,,
80,old,6.15_1130,2015,Radix balthica,5,14.4,30,2,5.454814382,0.54258,,,
80,old,6.15_1130,2015,Radix balthica,5,14.4,30,6,9.297829304,0.616865015,,,"noisy, r2=0.10; cut out 2nd measurement. FIXED, R2 now 0.979"
80,old,6.15_1130,2015,Radix balthica,5,14.4,30,5,9.297829304,0.62829,,,"variable - snail was crawling ON sensor, R2=0.80 - ok"
80,old,6.15_1130,2015,Radix balthica,5,14.4,30,4,9.297829304,0.6592,,,
54,,6.27.17_1900,2017,Radix balthica,5,14.4,30,4,9.800235802,0.76411337,,,
54,,6.27.17_1900,2017,Radix balthica,5,14.4,30,7,11.2048731,1.400268942,,,
202,old,7.7_2200,2015,Radix balthica,5,14.4,30,6,11.71668271,0.65714,,,
84,old,6.15_1500,2015,Radix balthica,5,14.4,30,6,11.71668271,1.22144,,,
54,,6.27.17_1900,2017,Radix balthica,5,14.4,30,6,11.76864956,0.68245138,,,
54,,6.27.17_1900,2017,Radix balthica,5,14.4,30,5,15.15490088,1.394586728,,,Have removed some pts in JMP
80,old,6.15_1130,2015,Radix balthica,5,14.4,30,3,17.64882362,0.76392,,,"variable - snail was crawling ON sensor, R2=0.94 - good"
84,old,6.15_1500,2015,Radix balthica,5,14.4,30,8,17.64882362,1.04128,,,
54,,6.27.17_1900,2017,Radix balthica,5,14.4,30,3,21.73026494,0.795751689,,,
54,,6.27.17_1900,2017,Radix balthica,5,14.4,30,2,24.3395036,1.871754274,,,
90,old,6.15_1830,2015,Radix balthica,5,14.4,35,5,1.857023741,0.169322,,,
90,old,6.15_1830,2015,Radix balthica,5,14.4,35,4,5.454814382,0.411092,,,
90,old,6.15_1830,2015,Radix balthica,5,14.4,35,6,5.454814382,0.633272,,,
22,,6.24.17_2130,2017,Radix balthica,5,14.4,35,8,7.217395559,0.310201832,,,
90,old,6.15_1830,2015,Radix balthica,5,14.4,35,3,7.217395559,0.710272,,,
90,old,6.15_1830,2015,Radix balthica,5,14.4,35,2,7.217395559,0.904052,,
22,,6.24.17_2130,2017,Radix balthica,5,14.4,35,6,10.95429508,0.571759947,,
22,,6.24.17_2130,2017,Radix balthica,5,14.4,35,3,14.14105834,0.889969571,,
22,,6.24.17_2130,2017,Radix balthica,5,14.4,35,5,15.39984125,1.471207372,,
22,,6.24.17_2130,2017,Radix balthica,5,14.4,35,4,18.5333167,0.252177619,,
22,,6.24.17_2130,2017,Radix balthica,5,14.4,35,7,27.7534995,1.063426421,,
22,,6.24.17_2130,2017,Radix balthica,5,14.4,35,2,34.92700294,1.144427058,,
126,old,6.27_1900,2015,Radix balthica,5,14.4,40,4,2.797232396,0.23346,,ext. inactive
44,old,6.9_1700,2015,Radix balthica,5,14.4,40,8,3.988798965,0.10792,,ext. inactive
44,old,6.9_1700,2015,Radix balthica,5,14.4,40,7,4.834038915,0.22628,,
37,,6.25.17_1830,2017,Radix balthica,5,14.4,40,6,4.954464007,0.189813983,,
37,,6.25.17_1830,2017,Radix balthica,5,14.4,40,8,5.782913007,0.212204024,,
44,old,6.9_1700,2015,Radix balthica,5,14.4,40,6,7.217395559,0.12294,,ext. inactive
168,old,7.2_2100,2015,Radix balthica,5,14.4,40,8,8.010259897,0.444,,
126,old,6.27_1900,2015,Radix balthica,5,14.4,40,5,11.71668271,0.198406,,ext. inactive
37,,6.25.17_1830,2017,Radix balthica,5,14.4,40,7,13.50821863,0.097430503,,
37,,6.25.17_1830,2017,Radix balthica,5,14.4,40,2,13.90884292,0.62048929,,
37,,6.25.17_1830,2017,Radix balthica,5,14.4,40,4,14.79207078,0.187242365,,
37,,6.25.17_1830,2017,Radix balthica,5,14.4,40,5,16.08611118,0.211510879,,
37,,6.25.17_1830,2017,Radix balthica,5,14.4,40,3,20.23776602,0.37403788,,
126,old,6.27_1900,2015,Radix balthica,5,14.4,40,3,21.20034991,0.30494,,ext. inactive
66,,6.30.17_2230,2017,Radix balthica,5,14.4,45,3,4.834038915,0.092929976,,
66,,6.30.17_2230,2017,Radix balthica,5,14.4,45,7,6.088489355,0.176660803,,
207,old,7.8_1600,2015,Radix balthica,5,14.4,45,5,7.027179347,0.088444,,
66,,6.30.17_2230,2017,Radix balthica,5,14.4,45,8,7.449853286,0.113895243,,
66,,6.30.17_2230,2017,Radix balthica,5,14.4,45,4,11.3060957,0.194865194,,
66,,6.30.17_2230,2017,Radix balthica,5,14.4,45,6,11.35692007,0.147827367,,
66,,6.30.17_2230,2017,Radix balthica,5,14.4,45,5,17.64882362,0.231670243,,
66,,6.30.17_2230,2017,Radix balthica,5,14.4,45,2,29.19809124,0.149509867,,
100,,7.3.17_1400,2017,Radix balthica,6,13.2,5,5,8.553527963,0.069764168,,
100,,7.3.17_1400,2017,Radix balthica,6,13.2,5,7,9.387951139,0.030294399,,
100,,7.3.17_1400,2017,Radix balthica,6,13.2,5,4,15.77185657,0.061388179,,
100,,7.3.17_1400,2017,Radix balthica,6,13.2,5,2,15.83439829,0.105006096,,,
100,,7.3.17_1400,2017,Radix balthica,6,13.2,5,6,17.38208126,0.102860523,,,
100,,7.3.17_1400,2017,Radix balthica,6,13.2,5,3,20.90119685,0.127155693,,,
97,,7.3.17_1130,2017,Radix balthica,6,13.2,10,7,9.800235802,0.126166656,,,
97,,7.3.17_1130,2017,Radix balthica,6,13.2,10,2,9.940127164,0.16558911,,,
97,,7.3.17_1130,2017,Radix balthica,6,13.2,10,8,10.56069366,0.133814766,,,
97,,7.3.17_1130,2017,Radix balthica,6,13.2,10,6,12.08347,0.154727921,,,Have removed some pts in JMP
97,,7.3.17_1130,2017,Radix balthica,6,13.2,10,4,13.50821863,0.150807709,,,
97,,7.3.17_1130,2017,Radix balthica,6,13.2,10,5,15.5851566,0.048586667,,,
97,,7.3.17_1130,2017,Radix balthica,6,13.2,10,3,17.38208126,0.174343997,,,
103,,7.3.17_1630,2017,Radix balthica,6,13.2,15,5,7.449853286,0.132006519,,,
103,,7.3.17_1630,2017,Radix balthica,6,13.2,15,4,9.524152138,0.160012601,,,
103,,7.3.17_1630,2017,Radix balthica,6,13.2,15,6,11.0541022,0.246662402,,,
103,,7.3.17_1630,2017,Radix balthica,6,13.2,15,2,18.1217366,0.229574573,,,
103,,7.3.17_1630,2017,Radix balthica,6,13.2,15,3,20.67856961,0.139418923,,,
72,,7.1.17_1430,2017,Radix balthica,6,13.2,20,7,7.064969264,0.230849957,,,
72,,7.1.17_1430,2017,Radix balthica,6,13.2,20,6,10.41540293,0.219399536,,
72,,7.1.17_1430,2017,Radix balthica,6,13.2,20,8,11.51024736,0.403063735,,
72,,7.1.17_1430,2017,Radix balthica,6,13.2,20,4,12.72874603,0.245166218,,
72,,7.1.17_1430,2017,Radix balthica,6,13.2,20,2,15.64723588,0.314519913,,
72,,7.1.17_1430,2017,Radix balthica,6,13.2,20,3,16.08611118,0.151212302,,
72,,7.1.17_1430,2017,Radix balthica,6,13.2,20,5,18.1217366,0.33557656,,
55,,6.29.17_1200,2017,Radix balthica,6,13.2,25,8,6.951978327,0.260414799,ok,ok
55,,6.29.17_1200,2017,Radix balthica,6,13.2,25,2,9.342822447,0.272613411,ok,ok
55,,6.29.17_1200,2017,Radix balthica,6,13.2,25,6,11.0541022,0.301491377,ok,ok
55,,6.29.17_1200,2017,Radix balthica,6,13.2,25,3,12.619744,0.250427187,ok,ok
55,,6.29.17_1200,2017,Radix balthica,6,13.2,25,7,19.51620711,1.061747484,ok,ok
55,,6.29.17_1200,2017,Radix balthica,6,13.2,25,4,25.41846282,0.508131648,ok,ok
51,,6.27.17_1700,2017,Radix balthica,6,13.2,30,8,9.707660978,0.746694425,,
51,,6.27.17_1700,2017,Radix balthica,6,13.2,30,6,10.41540293,0.545539447,,
51,,6.27.17_1700,2017,Radix balthica,6,13.2,30,5,10.51212391,0.515043465,,
51,,6.27.17_1700,2017,Radix balthica,6,13.2,30,2,12.67417193,0.361081575,,
51,,6.27.17_1700,2017,Radix balthica,6,13.2,30,7,13.28256078,0.174007308,,,
51,,6.27.17_1700,2017,Radix balthica,6,13.2,30,4,16.59698922,0.235029757,,,
51,,6.27.17_1700,2017,Radix balthica,6,13.2,30,3,30.49982558,1.233570937,,,
12,,6.19.17_1800,2017,Radix balthica,6,13.2,35,8,6.368399709,0.570433651,ok,ok,
12,,6.19.17_1800,2017,Radix balthica,6,13.2,35,6,10.12857676,0.757428783,ok,ok,
12,,6.19.17_1800,2017,Radix balthica,6,13.2,35,3,10.41540293,0.71274452,ok,ok,
12,,6.19.17_1800,2017,Radix balthica,6,13.2,35,5,11.25541343,0.456629319,ok,ok,
12,,6.19.17_1800,2017,Radix balthica,6,13.2,35,7,11.56164171,0.573444951,ok,ok,
12,,6.19.17_1800,2017,Radix balthica,6,13.2,35,2,21.65406286,1.373991939,ok,ok,storage temp = 14C
12,,6.19.17_1800,2017,Radix balthica,6,13.2,35,4,28.02088274,1.170075678,ok,ok,
35,,6.25.17_1730,2017,Radix balthica,6,13.2,40,6,8.010259897,0.127395197,,,
35,,6.25.17_1730,2017,Radix balthica,6,13.2,40,4,9.297829304,0.367648547,,,
35,,6.25.17_1730,2017,Radix balthica,6,13.2,40,2,10.22363063,0.411552395,,,
35,,6.25.17_1730,2017,Radix balthica,6,13.2,40,7,11.97795369,0.302679413,,,
35,,6.25.17_1730,2017,Radix balthica,6,13.2,40,3,15.09404812,0.481029572,,,
35,,6.25.17_1730,2017,Radix balthica,6,13.2,40,5,29.56640466,1.076791725,,,
63,,6.30.17_1230,2017,Radix balthica,6,13.2,45,8,9.524152138,0.059121195
63,,6.30.17_1230,2017,Radix balthica,6,13.2,45,5,10.46369371,0.071783624
63,,6.30.17_1230,2017,Radix balthica,6,13.2,45,2,15.70946915,0.045287751
63,,6.30.17_1230,2017,Radix balthica,6,13.2,45,6,15.70946915,0.047716343
63,,6.30.17_1230,2017,Radix balthica,6,13.2,45,7,16.59698922,0.055461137
63,,6.30.17_1230,2017,Radix balthica,6,13.2,45,3,20.09214599,0.065321467
63,,6.30.17_1230,2017,Radix balthica,6,13.2,45,4,21.05044193,0.063149947
105,old,6.24_1800,2015,Radix balthica,8,19.3,5,5,3.242379189,0.006855
105,old,6.24_1800,2015,Radix balthica,8,19.3,5,7,5.454814382,0.021795
105,old,6.24_1800,2015,Radix balthica,8,19.3,5,4,7.217395559,0.010196
105,old,6.24_1800,2015,Radix balthica,8,19.3,5,6,11.71668271,0.020019
105,old,6.24_1800,2015,Radix balthica,8,19.3,5,3,14.4938902,0.009524
105,old,6.24_1800,2015,Radix balthica,8,19.3,5,8,14.4938902,0.026376
105,old,6.24_1800,2015,Radix balthica,8,19.3,5,2,17.64882362,0.024984
112,old,6.25_1630,2015,Radix balthica,8,19.3,10,5,4.54101264,0.044597
112,old,6.25_1630,2015,Radix balthica,8,19.3,10,2,6.123049622,0.06803
112,old,6.25_1630,2015,Radix balthica,8,19.3,10,7,7.217395559,0.044042
112,old,6.25_1630,2015,Radix balthica,8,19.3,10,3,7.217395559,0.15124
112,old,6.25_1630,2015,Radix balthica,8,19.3,10,6,8.010259897,0.149428
112,old,6.25_1630,2015,Radix balthica,8,19.3,10,8,10.22363063,0.05712
112,old,6.25_1630,2015,Radix balthica,8,19.3,10,4,17.64882362,0.12709
55,old,6.11_1500,2015,Radix balthica,8,19.3,15,8,7.217395559,0.117816
180,old,7.4_1800,2015,Radix balthica,8,19.3,15,7,7.217395559,0.187572
180,old,7.4_1800,2015,Radix balthica,8,19.3,15,6,7.217395559,0.291637
55,old,6.11_1500,2015,Radix balthica,8,19.3,15,6,8.426182187,0.200536
180,old,7.4_1800,2015,Radix balthica,8,19.3,15,5,9.297829304,0.105375
55,old,6.11_1500,2015,Radix balthica,8,19.3,15,7,11.71668271,0.293026
55,old,6.11_1500,2015,Radix balthica,8,19.3,15,5,13.33875303,0.258016
106,,7.3.17_1830,2017,Radix balthica,8,19.3,20,8,1.282595966,0.051685696
106,,7.3.17_1830,2017,Radix balthica,8,19.3,20,7,2.692290797,0.10303887
156,old,6.30_1700,2015,Radix balthica,8,19.3,20,8,2.797232396,0.057696
156,old,6.30_1700,2015,Radix balthica,8,19.3,20,7,3.988798965,0.338526
156,old,6.30_1700,2015,Radix balthica,8,19.3,20,6,4.259325406,0.372351,,,
156,old,6.30_1700,2015,Radix balthica,8,19.3,20,5,5.454814382,0.258035,,,
156,old,6.30_1700,2015,Radix balthica,8,19.3,20,3,8.010259897,0.689136,,,
156,old,6.30_1700,2015,Radix balthica,8,19.3,20,2,17.64882362,0.399932,,,
156,old,6.30_1700,2015,Radix balthica,8,19.3,20,4,19.02080227,0.09869,,,
59,,6.29.17_1600,2017,Radix balthica,8,19.3,25,3,3.480507946,0.206506562,,,
46,old,6.10_1200,2015,Radix balthica,8,19.3,25,6,3.988798965,0.281068,,,
59,,6.29.17_1600,2017,Radix balthica,8,19.3,25,2,5.849971787,0.181327659,,,
59,,6.29.17_1600,2017,Radix balthica,8,19.3,25,4,6.619790878,0.354658944,,,
46,old,6.10_1200,2015,Radix balthica,8,19.3,25,7,7.217395559,0.325438,,,
46,old,6.10_1200,2015,Radix balthica,8,19.3,25,5,7.217395559,0.402674052,,,delete last ~3 sec of meas #1 (sensor in diff chamber). fixed
46,old,6.10_1200,2015,Radix balthica,8,19.3,25,8,8.426182187,0.593688,,,
36,old,6.5_1800,2015,Radix balthica,8,19.3,25,7,10.7072419,0.874682784,,,
36,old,6.5_1800,2015,Radix balthica,8,19.3,25,5,11.71668271,0.760544928,,,
36,old,6.5_1800,2015,Radix balthica,8,19.3,25,6,13.33875303,0.479836296,,,excluded part of 1st measurement - extremely low values
81,old,6.15_1200,2015,Radix balthica,8,19.3,30,7,3.988798965,0.648425952,,,
84,old,6.15_1500,2015,Radix balthica,8,19.3,30,3,7.217395559,0.44368,,,
84,old,6.15_1500,2015,Radix balthica,8,19.3,30,4,7.217395559,0.62342,,,
81,old,6.15_1200,2015,Radix balthica,8,19.3,30,2,7.217395559,0.714125952,,,
81,old,6.15_1200,2015,Radix balthica,8,19.3,30,8,7.217395559,0.749765952,,,
81,old,6.15_1200,2015,Radix balthica,8,19.3,30,6,9.297829304,0.838535952,,,
81,old,6.15_1200,2015,Radix balthica,8,19.3,30,4,9.297829304,0.895245952,,,
202,old,7.7_2200,2015,Radix balthica,8,19.3,30,7,11.71668271,0.477402,,,
84,old,6.15_1500,2015,Radix balthica,8,19.3,30,5,17.64882362,0.83976,,,
202,old,7.7_2200,2015,Radix balthica,8,19.3,30,8,17.98582237,0.271656,,,
81,old,6.15_1200,2015,Radix balthica,8,19.3,30,3,21.20034991,1.056365952,,,
91,old,6.15_1900,2015,Radix balthica,8,19.3,35,2,5.454814382,0.6047,,,
91,old,6.15_1900,2015,Radix balthica,8,19.3,35,6,7.217395559,0.695,,,
91,old,6.15_1900,2015,Radix balthica,8,19.3,35,8,7.217395559,0.82672,,,
91,old,6.15_1900,2015,Radix balthica,8,19.3,35,3,8.010259897,0.75584,,,
91,old,6.15_1900,2015,Radix balthica,8,19.3,35,5,9.297829304,0.67802,,,
91,old,6.15_1900,2015,Radix balthica,8,19.3,35,7,12.78346646,1.27541,,,"last meas very noisy, (slope from first 2 meas=2107): see if this is an outlier, if so, exclude"
34,,6.25.17_1700,2017,Radix balthica,8,19.3,40,7,3.150059129,0.06068816,,
126,old,6.27_1900,2015,Radix balthica,8,19.3,40,8,3.988798965,0.19088,,
34,,6.25.17_1700,2017,Radix balthica,8,19.3,40,8,4.149785566,0.213440326,,
65,old,6.12_1730,2015,Radix balthica,8,19.3,40,6,4.834038915,0.1447,,not sure if alive
65,old,6.12_1730,2015,Radix balthica,8,19.3,40,7,6.47539566,0.25589,,definitely alive
126,old,6.27_1900,2015,Radix balthica,8,19.3,40,7,7.217395559,0.280552,,
65,old,6.12_1730,2015,Radix balthica,8,19.3,40,5,7.217395559,0.29366,,not sure if alive
126,old,6.27_1900,2015,Radix balthica,8,19.3,40,6,7.217395559,0.671015,,
65,old,6.12_1730,2015,Radix balthica,8,19.3,40,8,26.01157558,0.292,,not sure if alive
64,,6.30.17_2100,2017,Radix balthica,8,19.3,45,6,3.289164424,0.115210185,,
64,,6.30.17_2100,2017,Radix balthica,8,19.3,45,7,3.8836732,0.112967487,,
64,,6.30.17_2100,2017,Radix balthica,8,19.3,45,4,4.77451803,0.104751802,,
64,,6.30.17_2100,2017,Radix balthica,8,19.3,45,8,4.894020438,0.132750445,,
64,,6.30.17_2100,2017,Radix balthica,8,19.3,45,3,5.076742901,0.110822423,,
64,,6.30.17_2100,2017,Radix balthica,8,19.3,45,2,6.619790878,0.193206079,,
64,,6.30.17_2100,2017,Radix balthica,8,19.3,45,5,6.840121313,0.18665655,,
207,old,7.8_1600,2015,Radix balthica,8,19.3,45,4,9.524152138,0.16986,,,
25,old,6.25_1830,2016,Radix balthica,9,9.6,5,8,1.890106051,0.016809699,,,> gave this batch to Maureen for parasites
25,old,6.25_1830,2016,Radix balthica,9,9.6,5,2,2.589840056,0.022982225,,,> gave this batch to Maureen for parasites
72,old,7.6_1100,2016,Radix balthica,9,9.6,5,3,3.242379189,0.006210992,,,
25,old,6.25_1830,2016,Radix balthica,9,9.6,5,5,3.988798965,0.04228966,,,> gave this batch to Maureen for parasites
25,old,6.25_1830,2016,Radix balthica,9,9.6,5,6,5.295225393,0.073478876,,,> gave this batch to Maureen for parasites
25,old,6.25_1830,2016,Radix balthica,9,9.6,5,4,5.951465821,0.020512294,,,> gave this batch to Maureen for parasites
72,old,7.6_1100,2016,Radix balthica,9,9.6,5,2,9.297829304,0.039783103,,,(026_p & 027_l dead)
25,old,6.25_1830,2016,Radix balthica,9,9.6,5,3,11.76864956,0.031397336,,,> gave this batch to Maureen for parasites
25,old,6.25_1830,2016,Radix balthica,9,9.6,5,7,14.97280036,0.008537065,,,> gave this batch to Maureen for parasites
72,old,7.6_1100,2016,Radix balthica,9,9.6,5,5,16.34030494,0.057200633,,,
72,old,7.6_1100,2016,Radix balthica,9,9.6,5,4,16.98670639,0.05710762,,,
17,new,6.21_1700,2016,Radix balthica,9,9.6,10,7,2.026102549,0.006043795,,,
17,new,6.21_1700,2016,Radix balthica,9,9.6,10,6,4.834038915,0.031307895,,,First 3 meas. excluded
17,new,6.21_1700,2016,Radix balthica,9,9.6,10,4,4.834038915,0.052094007,,,
104,old,7.8_1300,2016,Radix balthica,9,9.6,10,2,5.13858103,0.032125532,,,used short fat chambers
104,old,7.8_1300,2016,Radix balthica,9,9.6,10,5,6.123049622,0.029723055,,,used short fat chambers
17,new,6.21_1700,2016,Radix balthica,9,9.6,10,3,7.217395559,0.073169869,,,
104,old,7.8_1300,2016,Radix balthica,9,9.6,10,4,8.426182187,0.054668539,,,used short fat chambers
17,new,6.21_1700,2016,Radix balthica,9,9.6,10,5,9.753879889,0.05264281,,,
104,old,7.8_1300,2016,Radix balthica,9,9.6,10,3,12.78346646,0.063142456,,,used short fat chambers
17,new,6.21_1700,2016,Radix balthica,9,9.6,10,2,15.70946915,0.089321042,,,
32,new,6.23_1800,2016,Radix balthica,9,9.6,15,7,2.797232396,0.045244517,,,
112,new,7.7_2130,2016,Radix balthica,9,9.6,15,4,3.01468276,0.042387669,,,Check size to match up with code - done. numbers by code are Tracie's measurements
32,new,6.23_1800,2016,Radix balthica,9,9.6,15,8,3.857664932,0.067049745,,,
32,new,6.23_1800,2016,Radix balthica,9,9.6,15,6,3.988798965,0.110115618,,,
112,new,7.7_2130,2016,Radix balthica,9,9.6,15,2,5.782913007,0.098012831,,,Check size to match up with code - done. numbers by code are Tracie's measurements
32,new,6.23_1800,2016,Radix balthica,9,9.6,15,5,6.123049622,0.077571739,,,Need to remove second measurement. DONE
32,new,6.23_1800,2016,Radix balthica,9,9.6,15,4,7.217395559,0.086470344,,,
32,new,6.23_1800,2016,Radix balthica,9,9.6,15,3,9.297829304,0.177941637,,,
112,new,7.7_2130,2016,Radix balthica,9,9.6,15,5,12.78346646,0.13431983,,,Check size to match up with code - done. numbers by code are Tracie's measurements
32,new,6.23_1800,2016,Radix balthica,9,9.6,15,2,12.78346646,0.181224796,,,Need to remove third measurement at least. DONE
40,new,6.24_1800,2016,Radix balthica,9,9.6,15,4,16.34030494,0.060278801,,,TEST
112,new,7.7_2130,2016,Radix balthica,9,9.6,15,3,16.98670639,0.258911008,,,Check size to match up with code - done. numbers by code are Tracie's measurements
40,new,6.24_1800,2016,Radix balthica,9,9.6,15,8,20.45742731,0.324547161,,,TEST
12,old,6.23_1830,2016,Radix balthica,9,9.6,20,7,2.297194423,0.087137963,,,
12,old,6.23_1830,2016,Radix balthica,9,9.6,20,2,3.01468276,0.062350415,,,
88,old,7.7_1230,2016,Radix balthica,9,9.6,20,2,3.242379189,0.078630352,,,
12,old,6.23_1830,2016,Radix balthica,9,9.6,20,4,3.242379189,0.082021859,,,
88,old,7.7_1230,2016,Radix balthica,9,9.6,20,4,3.729253575,0.092234007,,,
12,old,6.23_1830,2016,Radix balthica,9,9.6,20,3,4.259325406,0.106588277,,,
12,old,6.23_1830,2016,Radix balthica,9,9.6,20,5,4.259325406,0.260972251,,,
88,old,7.7_1230,2016,Radix balthica,9,9.6,20,5,11.2048731,0.215386535,,,
12,old,6.23_1830,2016,Radix balthica,9,9.6,20,8,13.059269,0.593028807,,,"variable, but R2=0.9077, cut out 2nd meas - DONE."
12,old,6.23_1830,2016,Radix balthica,9,9.6,20,6,15.39984125,0.156014434,,,
88,old,7.7_1230,2016,Radix balthica,9,9.6,20,3,19.02080227,0.399374904,,,
4,new,6.19_1930,2016,Radix balthica,9,9.6,25,2,2.392315845,0.087267085,,,
4,new,6.19_1930,2016,Radix balthica,9,9.6,25,8,2.489856377,0.090133715,,,
4,new,6.19_1930,2016,Radix balthica,9,9.6,25,3,3.01468276,0.131139944,,,Shell broken,,,,,
71,old,7.5_2030,2016,Radix balthica,9,9.6,25,2,3.729253575,0.065134921,,,,,,,,
71,old,7.5_2030,2016,Radix balthica,9,9.6,25,4,3.988798965,0.139624601,,,,,,,,
4,new,6.19_1930,2016,Radix balthica,9,9.6,25,5,4.122678285,0.185988129,,,,,,,,
4,new,6.19_1930,2016,Radix balthica,9,9.6,25,7,5.782913007,0.230879054,,,,,,,,
59,,6.29.17_1600,2017,Radix balthica,9,9.6,25,6,5.917513466,0.279713853,,,,,,,,
71,old,7.5_2030,2016,Radix balthica,9,9.6,25,5,6.47539566,0.377487992,,,,,,,,
4,new,6.19_1930,2016,Radix balthica,9,9.6,25,6,7.217395559,0.498312384,,,"Not great, anaerobic? ",,,,,
4,new,6.19_1930,2016,Radix balthica,9,9.6,25,4,8.426182187,0.322635764,,,,,,,,
59,,6.29.17_1600,2017,Radix balthica,9,9.6,25,5,16.08611118,0.78846379,,,,,,,,
71,old,7.5_2030,2016,Radix balthica,9,9.6,25,3,18.32680603,0.23333264,,,,,,,,
71,old,7.5_2030,2016,Radix balthica,9,9.6,25,6,18.32680603,0.715405387,,,,,,,,
114,new,7.8_1030,2016,Radix balthica,9,9.6,30,3,3.01468276,0.078839472,,,,,,,OUTLIER - quite low,no
56,new,6.27_1700,2016,Radix balthica,9,9.6,30,7,1.193200216,0.113841169,,,,,,,,
56,new,6.27_1700,2016,Radix balthica,9,9.6,30,4,1.791948168,0.129158809,,,,,,,,
47,,6.27.17_1300,2017,Radix balthica,9,9.6,30,3,5.04599877,0.587098237,,,,,,,,
56,new,6.27_1700,2016,Radix balthica,9,9.6,30,2,5.749564275,0.358817818,,,
56,new,6.27_1700,2016,Radix balthica,9,9.6,30,8,7.726888037,0.570427564,,,Only two measurements
114,new,7.8_1030,2016,Radix balthica,9,9.6,30,4,8.010259897,0.342090461,,,
47,,6.27.17_1300,2017,Radix balthica,9,9.6,30,2,9.030707948,0.644232362,,,
56,new,6.27_1700,2016,Radix balthica,9,9.6,30,5,11.97795369,0.788585164,,,Only two measurements. 
56,new,6.27_1700,2016,Radix balthica,9,9.6,30,6,14.19948729,0.654586054,,,
114,new,7.8_1030,2016,Radix balthica,9,9.6,30,5,15.09404812,0.716313578,,,
56,new,6.27_1700,2016,Radix balthica,9,9.6,30,3,16.66155056,0.733228071,,,Only two measurements
11,new,6.20_1800,2016,Radix balthica,9,9.6,35,8,0.632200646,0.049581292,,,
11,new,6.20_1800,2016,Radix balthica,9,9.6,35,7,2.026102549,0.045560074,,,
67,new,6.29_1700,2016,Radix balthica,9,9.6,35,5,2.509656894,0.357913349,,,"broken, no shell"
67,new,6.29_1700,2016,Radix balthica,9,9.6,35,7,2.90468853,0.130918952,,,"broken, no shell"
11,new,6.20_1800,2016,Radix balthica,9,9.6,35,6,3.01468276,0.264926025,,,
67,new,6.29_1700,2016,Radix balthica,9,9.6,35,2,3.383992715,0.347829382,,,"broken, no shell"
11,new,6.20_1800,2016,Radix balthica,9,9.6,35,5,4.259325406,0.269037316,,,
67,new,6.29_1700,2016,Radix balthica,9,9.6,35,3,5.81638212,0.16104074,,,"broken, no shell"
24,,6.24.17_2300,2017,Radix balthica,9,9.6,35,8,6.054051012,0.762593327,,,
15,,6.19.17_1930,2017,Radix balthica,9,9.6,35,3,9.753879889,1.076227632,,,
11,new,6.20_1800,2016,Radix balthica,9,9.6,35,3,10.7072419,0.384986848,,,
11,new,6.20_1800,2016,Radix balthica,9,9.6,35,2,12.24282828,0.678463622,,,Measure from 18:16:30. 
24,,6.24.17_2300,2017,Radix balthica,9,9.6,35,3,12.29623735,0.647637632,,,
24,,6.24.17_2300,2017,Radix balthica,9,9.6,35,7,12.56546209,0.41963239,,,
24,,6.24.17_2300,2017,Radix balthica,9,9.6,35,2,14.55322349,1.101554263,,,
24,,6.24.17_2300,2017,Radix balthica,9,9.6,35,5,17.58190042,1.11393648,,,
24,,6.24.17_2300,2017,Radix balthica,9,9.6,35,4,21.80663405,1.464287069,,,
15,,6.19.17_1930,2017,Radix balthica,9,9.6,35,2,23.1306052,1.469238415,,,
24,,6.24.17_2300,2017,Radix balthica,9,9.6,35,6,23.36931597,0.977158774,,,
69,new,6.30_1200,2016,Radix balthica,9,9.6,40,6,2.168042507,0.067745478,,,"First set removed, broken"
69,new,6.30_1200,2016,Radix balthica,9,9.6,40,3,2.222822812,0.081185158,,,"First set removed, broken, no shell"
69,new,6.30_1200,2016,Radix balthica,9,9.6,40,8,2.222822812,0.139894699,,,First set removed
69,new,6.30_1200,2016,Radix balthica,9,9.6,40,7,2.569646718,0.103922504,,,First set removed
69,new,6.30_1200,2016,Radix balthica,9,9.6,40,2,2.882995008,0.032732691,,,First set removed
25,new,6.22_1730,2016,Radix balthica,9,9.6,40,6,3.480507946,0.239435747,,,
69,new,6.30_1200,2016,Radix balthica,9,9.6,40,5,3.936017182,0.091999838,,,"First set removed, broken, no shell"
25,new,6.22_1730,2016,Radix balthica,9,9.6,40,8,4.259325406,0.278630403,,,
69,new,6.30_1200,2016,Radix balthica,9,9.6,40,4,4.54101264,0.056677894,,,"First set removed, broken, no shell"
25,new,6.22_1730,2016,Radix balthica,9,9.6,40,3,4.54101264,0.266691603,,,
25,new,6.22_1730,2016,Radix balthica,9,9.6,40,4,4.834038915,0.422789619,,,Typo in program for this ch. vol.
25,new,6.22_1730,2016,Radix balthica,9,9.6,40,2,10.22363063,0.491388396,,,
25,new,6.22_1730,2016,Radix balthica,9,9.6,40,5,11.71668271,0.38465774,,,
26,,6.25.17_1200,2017,Radix balthica,9,9.6,40,2,13.28256078,0.469377063,look dead,look dead,
25,new,6.22_1730,2016,Radix balthica,9,9.6,40,7,15.09404812,0.539079349,,,
26,,6.25.17_1200,2017,Radix balthica,9,9.6,40,3,15.5851566,0.162190933,look dead,look dead,
68,,6.30.17_2330,2017,Radix balthica,9,9.6,45,8,11.25541343,0.223192377,,,
68,,6.30.17_2330,2017,Radix balthica,9,9.6,45,4,11.66485923,0.296426906,,,
68,,6.30.17_2330,2017,Radix balthica,9,9.6,45,3,12.67417193,0.242430609,,,
68,,6.30.17_2330,2017,Radix balthica,9,9.6,45,6,13.11487066,0.26421603,,,
68,,6.30.17_2330,2017,Radix balthica,9,9.6,45,2,14.79207078,0.26118675,,,
68,,6.30.17_2330,2017,Radix balthica,9,9.6,45,5,16.27652339,0.23389655
68,,6.30.17_2330,2017,Radix balthica,9,9.6,45,7,16.9213615,0.256763147
